,0,1,2,3,4,5,6,7,8,9,10,11,12,13,14,15,16,17,18,19,20,21,22,23,24,25,26,27,28,29,30,31,32,33,34,35,36,37,38,39,40,41
b2690,ALKP,E4PP,F1PP,F6PP,GNP,PGMT,R5PP,,,,,,,,,,,,,,,,,,,,,,,,,,,,,,,,,,,
b3821,PLIPA1A120pp,PLIPA1A140pp,PLIPA1A141pp,PLIPA1A160pp,PLIPA1A161pp,PLIPA1A180pp,PLIPA1A181pp,PLIPA1E120pp,PLIPA1E140pp,PLIPA1E141pp,PLIPA1E160pp,PLIPA1E161pp,PLIPA1E180pp,PLIPA1E181pp,PLIPA1G120pp,PLIPA1G140pp,PLIPA1G141pp,PLIPA1G160pp,PLIPA1G161pp,PLIPA1G180pp,PLIPA1G181pp,PLIPA2A120pp,PLIPA2A140pp,PLIPA2A141pp,PLIPA2A160pp,PLIPA2A161pp,PLIPA2A180pp,PLIPA2A181pp,PLIPA2E120pp,PLIPA2E140pp,PLIPA2E141pp,PLIPA2E160pp,PLIPA2E161pp,PLIPA2E180pp,PLIPA2E181pp,PLIPA2G120pp,PLIPA2G140pp,PLIPA2G141pp,PLIPA2G160pp,PLIPA2G161pp,PLIPA2G180pp,PLIPA2G181pp
b2920,PPCSCT,,,,,,,,,,,,,,,,,,,,,,,,,,,,,,,,,,,,,,,,,
b2518,NDPK1,NDPK2,NDPK3,NDPK4,NDPK5,NDPK6,NDPK7,NDPK8,,,,,,,,,,,,,,,,,,,,,,,,,,,,,,,,,,
b0003,4HTHRK,HSK,,,,,,,,,,,,,,,,,,,,,,,,,,,,,,,,,,,,,,,,
b0002,ASPK,HSDy,,,,,,,,,,,,,,,,,,,,,,,,,,,,,,,,,,,,,,,,
b3826,2DOXG6PP,E4PP,F6PP,G6PP,MN6PP,PYDXPP,,,,,,,,,,,,,,,,,,,,,,,,,,,,,,,,,,,,
b2925,FBA,FBA3,,,,,,,,,,,,,,,,,,,,,,,,,,,,,,,,,,,,,,,,
b0414,APRAUR,DHPPDA2,,,,,,,,,,,,,,,,,,,,,,,,,,,,,,,,,,,,,,,,
b3829,METS,,,,,,,,,,,,,,,,,,,,,,,,,,,,,,,,,,,,,,,,,
b1298,GGGABAH,,,,,,,,,,,,,,,,,,,,,,,,,,,,,,,,,,,,,,,,,
b0417,TMPK,,,,,,,,,,,,,,,,,,,,,,,,,,,,,,,,,,,,,,,,,
b0009,MPTAT,,,,,,,,,,,,,,,,,,,,,,,,,,,,,,,,,,,,,,,,,
b3359,ACOTA,SDPTA,,,,,,,,,,,,,,,,,,,,,,,,,,,,,,,,,,,,,,,,
b4173,NTP3,,,,,,,,,,,,,,,,,,,,,,,,,,,,,,,,,,,,,,,,,
b0004,THRS,,,,,,,,,,,,,,,,,,,,,,,,,,,,,,,,,,,,,,,,,
b4177,ADSS,,,,,,,,,,,,,,,,,,,,,,,,,,,,,,,,,,,,,,,,,
b1539,ATHRDHr,DSERDHr,LSERDHr,MSAR,,,,,,,,,,,,,,,,,,,,,,,,,,,,,,,,,,,,,,
b1535,DGUNC,,,,,,,,,,,,,,,,,,,,,,,,,,,,,,,,,,,,,,,,,
b2927,E4PD,,,,,,,,,,,,,,,,,,,,,,,,,,,,,,,,,,,,,,,,,
b2210,MDH2,MDH3,,,,,,,,,,,,,,,,,,,,,,,,,,,,,,,,,,,,,,,,
b0521,CBMKr,,,,,,,,,,,,,,,,,,,,,,,,,,,,,,,,,,,,,,,,,
b0522,AIRC2,,,,,,,,,,,,,,,,,,,,,,,,,,,,,,,,,,,,,,,,,
b0523,AIRC3,,,,,,,,,,,,,,,,,,,,,,,,,,,,,,,,,,,,,,,,,
b3730,G1PACT,UAGDP,,,,,,,,,,,,,,,,,,,,,,,,,,,,,,,,,,,,,,,,
b3607,SERAT,,,,,,,,,,,,,,,,,,,,,,,,,,,,,,,,,,,,,,,,,
b0415,RBFSa,,,,,,,,,,,,,,,,,,,,,,,,,,,,,,,,,,,,,,,,,
b0529,MTHFC,MTHFD,,,,,,,,,,,,,,,,,,,,,,,,,,,,,,,,,,,,,,,,
b0480,NTD10pp,NTD11pp,NTD12pp,NTD1pp,NTD2pp,NTD3pp,NTD4pp,NTD5pp,NTD6pp,NTD7pp,NTD8pp,NTD9pp,UACGALPpp,UACGAMPpp,UDPGALPpp,UDPGPpp,UGLCURPpp,,,,,,,,,,,,,,,,,,,,,,,,,
b0954,3HAD100,3HAD120,3HAD121,3HAD140,3HAD141,3HAD160,3HAD161,3HAD180,3HAD181,3HAD40,3HAD60,3HAD80,T2DECAI,,,,,,,,,,,,,,,,,,,,,,,,,,,,,
b0418,PGPP120,PGPP120pp,PGPP140,PGPP140pp,PGPP141,PGPP141pp,PGPP160,PGPP160pp,PGPP161,PGPP161pp,PGPP180,PGPP180pp,PGPP181,PGPP181pp,,,,,,,,,,,,,,,,,,,,,,,,,,,,
b2600,CHORM,PPND,,,,,,,,,,,,,,,,,,,,,,,,,,,,,,,,,,,,,,,,
b2175,4PCPpp,AGM4PCPpp,MDDEP1pp,MDDEP2pp,MDDEP3pp,MDDEP4pp,,,,,,,,,,,,,,,,,,,,,,,,,,,,,,,,,,,,
b2174,COLIPAKpp,,,,,,,,,,,,,,,,,,,,,,,,,,,,,,,,,,,,,,,,,
b2913,AHGDx,ARHGDx,PGCD,,,,,,,,,,,,,,,,,,,,,,,,,,,,,,,,,,,,,,,
b2173,NTP3,,,,,,,,,,,,,,,,,,,,,,,,,,,,,,,,,,,,,,,,,
b3993,TMPPP,,,,,,,,,,,,,,,,,,,,,,,,,,,,,,,,,,,,,,,,,
b0684;b4238,RNTR1c2,RNTR2c2,RNTR3c2,RNTR4c2,,,,,,,,,,,,,,,,,,,,,,,,,,,,,,,,,,,,,,
b0312,BETALDHx,BETALDHy,,,,,,,,,,,,,,,,,,,,,,,,,,,,,,,,,,,,,,,,
b3857,BMOGDS1,BMOGDS2,BWCOGDS1,BWCOGDS2,MOGDS,,,,,,,,,,,,,,,,,,,,,,,,,,,,,,,,,,,,,
b3918,CDAPPA120,CDAPPA140,CDAPPA141,CDAPPA160,CDAPPA161,CDAPPA180,CDAPPA181,,,,,,,,,,,,,,,,,,,,,,,,,,,,,,,,,,,
b3850,PPPGO,PPPGO3,,,,,,,,,,,,,,,,,,,,,,,,,,,,,,,,,,,,,,,,
b0315,CDGUNPD,,,,,,,,,,,,,,,,,,,,,,,,,,,,,,,,,,,,,,,,,
b3774,DPR,KARA1,KARA2,,,,,,,,,,,,,,,,,,,,,,,,,,,,,,,,,,,,,,,
b1897,TRE6PP,,,,,,,,,,,,,,,,,,,,,,,,,,,,,,,,,,,,,,,,,
b2585,PSSA120,PSSA140,PSSA141,PSSA160,PSSA161,PSSA180,PSSA181,,,,,,,,,,,,,,,,,,,,,,,,,,,,,,,,,,,
b3916,PFK,PFK_2,PFK_3,,,,,,,,,,,,,,,,,,,,,,,,,,,,,,,,,,,,,,,
b0008,TALA,,,,,,,,,,,,,,,,,,,,,,,,,,,,,,,,,,,,,,,,,
b0902;b0903;b2579,OBTFL,PFL,,,,,,,,,,,,,,,,,,,,,,,,,,,,,,,,,,,,,,,,
b4474,FRULYSE,,,,,,,,,,,,,,,,,,,,,,,,,,,,,,,,,,,,,,,,,
b2241;b2242;b2243,G3PD5,G3PD6,G3PD7,,,,,,,,,,,,,,,,,,,,,,,,,,,,,,,,,,,,,,,
b2463,ME2,,,,,,,,,,,,,,,,,,,,,,,,,,,,,,,,,,,,,,,,,
b4478,GALCTND,,,,,,,,,,,,,,,,,,,,,,,,,,,,,,,,,,,,,,,,,
b2103,HMPK1,PMPK,,,,,,,,,,,,,,,,,,,,,,,,,,,,,,,,,,,,,,,,
b2104,HETZK,,,,,,,,,,,,,,,,,,,,,,,,,,,,,,,,,,,,,,,,,
b2458,PTAr,,,,,,,,,,,,,,,,,,,,,,,,,,,,,,,,,,,,,,,,,
b3517,GLUDC,,,,,,,,,,,,,,,,,,,,,,,,,,,,,,,,,,,,,,,,,
b3187,OCTDPS,,,,,,,,,,,,,,,,,,,,,,,,,,,,,,,,,,,,,,,,,
b0757,GALKr,,,,,,,,,,,,,,,,,,,,,,,,,,,,,,,,,,,,,,,,,
b1430,TEO2M,,,,,,,,,,,,,,,,,,,,,,,,,,,,,,,,,,,,,,,,,
b1097,MLTGY1pp,MLTGY2pp,MLTGY3pp,MLTGY4pp,,,,,,,,,,,,,,,,,,,,,,,,,,,,,,,,,,,,,,
b1096,ADCL,CHRPL,,,,,,,,,,,,,,,,,,,,,,,,,,,,,,,,,,,,,,,,
b1095,3OAS100,3OAS120,3OAS140,3OAS160,3OAS180,3OAS181,3OAS60,3OAS80,KAS14,,,,,,,,,,,,,,,,,,,,,,,,,,,,,,,,,
b1093,3OAR100,3OAR120,3OAR121,3OAR140,3OAR141,3OAR160,3OAR161,3OAR180,3OAR181,3OAR40,3OAR60,3OAR80,OGMEACPR,OPMEACPR,,,,,,,,,,,,,,,,,,,,,,,,,,,,
b1091,KAS15,OGMEACPS,,,,,,,,,,,,,,,,,,,,,,,,,,,,,,,,,,,,,,,,
b1872;b1873,DMSOR1pp,DMSOR2pp,TMAOR1pp,TMAOR2pp,,,,,,,,,,,,,,,,,,,,,,,,,,,,,,,,,,,,,,
b1098,DTMPK,,,,,,,,,,,,,,,,,,,,,,,,,,,,,,,,,,,,,,,,,
b3551;b3781,METSOXR1,,,,,,,,,,,,,,,,,,,,,,,,,,,,,,,,,,,,,,,,,
b1800,IPMD,MALDDH,,,,,,,,,,,,,,,,,,,,,,,,,,,,,,,,,,,,,,,,
b1850,EDA,OAADC,,,,,,,,,,,,,,,,,,,,,,,,,,,,,,,,,,,,,,,,
b0972;b0973;b0974,HYD1pp,HYD2pp,HYD3pp,,,,,,,,,,,,,,,,,,,,,,,,,,,,,,,,,,,,,,,
b1025,DGUNC,,,,,,,,,,,,,,,,,,,,,,,,,,,,,,,,,,,,,,,,,
b0134,MOHMT,,,,,,,,,,,,,,,,,,,,,,,,,,,,,,,,,,,,,,,,,
b2779,ENO,,,,,,,,,,,,,,,,,,,,,,,,,,,,,,,,,,,,,,,,,
b3731;b3732;b3733;b3734;b3735;b3736;b3737;b3738;b3739,ATPS4rpp,,,,,,,,,,,,,,,,,,,,,,,,,,,,,,,,,,,,,,,,,
b4213,23PDE2pp,23PDE4pp,23PDE7pp,23PDE9pp,3NTD2pp,3NTD4pp,3NTD7pp,3NTD9pp,,,,,,,,,,,,,,,,,,,,,,,,,,,,,,,,,,
b1270,CBIAT,CBLAT,,,,,,,,,,,,,,,,,,,,,,,,,,,,,,,,,,,,,,,,
b1277,GTPCII2,,,,,,,,,,,,,,,,,,,,,,,,,,,,,,,,,,,,,,,,,
b1276,ACONTa,ACONTb,,,,,,,,,,,,,,,,,,,,,,,,,,,,,,,,,,,,,,,,
b4214,BPNT,,,,,,,,,,,,,,,,,,,,,,,,,,,,,,,,,,,,,,,,,
b0775,BTS5,,,,,,,,,,,,,,,,,,,,,,,,,,,,,,,,,,,,,,,,,
b0774,AMAOTr,,,,,,,,,,,,,,,,,,,,,,,,,,,,,,,,,,,,,,,,,
b0777,MALCOAMT,,,,,,,,,,,,,,,,,,,,,,,,,,,,,,,,,,,,,,,,,
b3575,DOGULNR,,,,,,,,,,,,,,,,,,,,,,,,,,,,,,,,,,,,,,,,,
b3572,VPAMTr,,,,,,,,,,,,,,,,,,,,,,,,,,,,,,,,,,,,,,,,,
b3571,AAMYLpp,,,,,,,,,,,,,,,,,,,,,,,,,,,,,,,,,,,,,,,,,
b4358,GALCTLO,,,,,,,,,,,,,,,,,,,,,,,,,,,,,,,,,,,,,,,,,
b0908,PSCVT,,,,,,,,,,,,,,,,,,,,,,,,,,,,,,,,,,,,,,,,,
b0459,GLCATr,MALTATr,,,,,,,,,,,,,,,,,,,,,,,,,,,,,,,,,,,,,,,,
b4352,NTP3,,,,,,,,,,,,,,,,,,,,,,,,,,,,,,,,,,,,,,,,,
b2912,FOMETRi,,,,,,,,,,,,,,,,,,,,,,,,,,,,,,,,,,,,,,,,,
b3172,ARGSS,,,,,,,,,,,,,,,,,,,,,,,,,,,,,,,,,,,,,,,,,
b1094;b2836,AACPS1,AACPS2,AACPS3,AACPS4,AACPS5,AACPS6,AACPS7,AACPS8,AACPS9,,,,,,,,,,,,,,,,,,,,,,,,,,,,,,,,,
b3176,PGAMT,,,,,,,,,,,,,,,,,,,,,,,,,,,,,,,,,,,,,,,,,
b3177,DHPS2,,,,,,,,,,,,,,,,,,,,,,,,,,,,,,,,,,,,,,,,,
b1764,SELNPS,,,,,,,,,,,,,,,,,,,,,,,,,,,,,,,,,,,,,,,,,
b3867,CPPPGO2,,,,,,,,,,,,,,,,,,,,,,,,,,,,,,,,,,,,,,,,,
b0894;b0895;b0896,DMSOR1,DMSOR2,TMAOR1,TMAOR2,,,,,,,,,,,,,,,,,,,,,,,,,,,,,,,,,,,,,,
b1651,LGTHL,,,,,,,,,,,,,,,,,,,,,,,,,,,,,,,,,,,,,,,,,
b1655,MDDEP1pp,MDDEP2pp,MDDEP3pp,MDDEP4pp,,,,,,,,,,,,,,,,,,,,,,,,,,,,,,,,,,,,,,
b1870,CXSAMS,,,,,,,,,,,,,,,,,,,,,,,,,,,,,,,,,,,,,,,,,
b1656,SPODM,,,,,,,,,,,,,,,,,,,,,,,,,,,,,,,,,,,,,,,,,
b3073,PTRCTA,,,,,,,,,,,,,,,,,,,,,,,,,,,,,,,,,,,,,,,,,
b1794,DGUNC,,,,,,,,,,,,,,,,,,,,,,,,,,,,,,,,,,,,,,,,,
b0870,4HTHRA,ALATA_D2,ALATA_L2,THRA,THRA2,,,,,,,,,,,,,,,,,,,,,,,,,,,,,,,,,,,,,
b0871,POX,,,,,,,,,,,,,,,,,,,,,,,,,,,,,,,,,,,,,,,,,
b3253,PCNO,,,,,,,,,,,,,,,,,,,,,,,,,,,,,,,,,,,,,,,,,
b2388,HEX1,,,,,,,,,,,,,,,,,,,,,,,,,,,,,,,,,,,,,,,,,
b4244;b4245,ASPCT,,,,,,,,,,,,,,,,,,,,,,,,,,,,,,,,,,,,,,,,,
b3708,CYSDS,SERD_L,TRPAS2,,,,,,,,,,,,,,,,,,,,,,,,,,,,,,,,,,,,,,,
b4131,LYSDC,,,,,,,,,,,,,,,,,,,,,,,,,,,,,,,,,,,,,,,,,
b2202;b2203;b2206,NO3R2bpp,,,,,,,,,,,,,,,,,,,,,,,,,,,,,,,,,,,,,,,,,
b0512,ALLTN,,,,,,,,,,,,,,,,,,,,,,,,,,,,,,,,,,,,,,,,,
b3892;b3893;b3894,FDH4pp,FDH5pp,,,,,,,,,,,,,,,,,,,,,,,,,,,,,,,,,,,,,,,,
b0514,GLYCK,,,,,,,,,,,,,,,,,,,,,,,,,,,,,,,,,,,,,,,,,
b4139,ASPT,,,,,,,,,,,,,,,,,,,,,,,,,,,,,,,,,,,,,,,,,
b0516,ALLTAMH2,,,,,,,,,,,,,,,,,,,,,,,,,,,,,,,,,,,,,,,,,
b1479,ME1,,,,,,,,,,,,,,,,,,,,,,,,,,,,,,,,,,,,,,,,,
b1478,ALCD19,ALCD2x,,,,,,,,,,,,,,,,,,,,,,,,,,,,,,,,,,,,,,,,
b1771,ALR2x,,,,,,,,,,,,,,,,,,,,,,,,,,,,,,,,,,,,,,,,,
b0827,BMOCOS,BWCOS,MOCOS,WCOS,,,,,,,,,,,,,,,,,,,,,,,,,,,,,,,,,,,,,,
b1779,E4PD,GAPD,NADHHR,NADHHS,NADPHHR,NADPHHS,,,,,,,,,,,,,,,,,,,,,,,,,,,,,,,,,,,,
b2312,GLUPRT,,,,,,,,,,,,,,,,,,,,,,,,,,,,,,,,,,,,,,,,,
b2315,DHFS,,,,,,,,,,,,,,,,,,,,,,,,,,,,,,,,,,,,,,,,,
b3386,RPE,,,,,,,,,,,,,,,,,,,,,,,,,,,,,,,,,,,,,,,,,
b3389,DHQS,,,,,,,,,,,,,,,,,,,,,,,,,,,,,,,,,,,,,,,,,
b2251,DUTPDP,NTPP3,NTPP7,,,,,,,,,,,,,,,,,,,,,,,,,,,,,,,,,,,,,,,
b2253,UDPKAAT,,,,,,,,,,,,,,,,,,,,,,,,,,,,,,,,,,,,,,,,,
b2254,UPLA4FNT,,,,,,,,,,,,,,,,,,,,,,,,,,,,,,,,,,,,,,,,,
b2255,UDPGDC,ULA4NFT,,,,,,,,,,,,,,,,,,,,,,,,,,,,,,,,,,,,,,,,
b2256,UPLA4FNF,,,,,,,,,,,,,,,,,,,,,,,,,,,,,,,,,,,,,,,,,
b2257,LA4NTpp,,,,,,,,,,,,,,,,,,,,,,,,,,,,,,,,,,,,,,,,,
b0674,ASNS1,ASNS2,,,,,,,,,,,,,,,,,,,,,,,,,,,,,,,,,,,,,,,,
b0675,G3PT,NTD2,NTD4,NTD7,NTD9,PYDXPP,R5PP,,,,,,,,,,,,,,,,,,,,,,,,,,,,,,,,,,,
b0677,AGDC,,,,,,,,,,,,,,,,,,,,,,,,,,,,,,,,,,,,,,,,,
b0179,U23GAAT,,,,,,,,,,,,,,,,,,,,,,,,,,,,,,,,,,,,,,,,,
b3770,ILETA,LEUTAi,PHETA1,TYRTA,VALTA,,,,,,,,,,,,,,,,,,,,,,,,,,,,,,,,,,,,,
b0524,USHD,,,,,,,,,,,,,,,,,,,,,,,,,,,,,,,,,,,,,,,,,
b3772,THRD_L,,,,,,,,,,,,,,,,,,,,,,,,,,,,,,,,,,,,,,,,,
b0174,UDCPDPS,,,,,,,,,,,,,,,,,,,,,,,,,,,,,,,,,,,,,,,,,
b0173,DXPRIi,,,,,,,,,,,,,,,,,,,,,,,,,,,,,,,,,,,,,,,,,
b1489,CDGUNPD,PDE1,PDE4,,,,,,,,,,,,,,,,,,,,,,,,,,,,,,,,,,,,,,,
b0171,UMPK,,,,,,,,,,,,,,,,,,,,,,,,,,,,,,,,,,,,,,,,,
b0425,DPR,,,,,,,,,,,,,,,,,,,,,,,,,,,,,,,,,,,,,,,,,
b0356,FALDH2,,,,,,,,,,,,,,,,,,,,,,,,,,,,,,,,,,,,,,,,,
b2810,CYSSADS,,,,,,,,,,,,,,,,,,,,,,,,,,,,,,,,,,,,,,,,,
b2428,ACM6PH,,,,,,,,,,,,,,,,,,,,,,,,,,,,,,,,,,,,,,,,,
b0421,DMATT,GRTT,,,,,,,,,,,,,,,,,,,,,,,,,,,,,,,,,,,,,,,,
b2817,AGM3PApp,AGM4PApp,,,,,,,,,,,,,,,,,,,,,,,,,,,,,,,,,,,,,,,,
b0351,ACALD,,,,,,,,,,,,,,,,,,,,,,,,,,,,,,,,,,,,,,,,,
b3957,ACODA,,,,,,,,,,,,,,,,,,,,,,,,,,,,,,,,,,,,,,,,,
b3958,AGPR,,,,,,,,,,,,,,,,,,,,,,,,,,,,,,,,,,,,,,,,,
b3959,ACGK,,,,,,,,,,,,,,,,,,,,,,,,,,,,,,,,,,,,,,,,,
b2421,CYSS,,,,,,,,,,,,,,,,,,,,,,,,,,,,,,,,,,,,,,,,,
b2132,LACZpp,,,,,,,,,,,,,,,,,,,,,,,,,,,,,,,,,,,,,,,,,
b0428,HEMEOS,,,,,,,,,,,,,,,,,,,,,,,,,,,,,,,,,,,,,,,,,
b1723,PFK,,,,,,,,,,,,,,,,,,,,,,,,,,,,,,,,,,,,,,,,,
b3794,ACMAMUT,,,,,,,,,,,,,,,,,,,,,,,,,,,,,,,,,,,,,,,,,
b0963,MGSA,,,,,,,,,,,,,,,,,,,,,,,,,,,,,,,,,,,,,,,,,
b3792,ECAtpp,,,,,,,,,,,,,,,,,,,,,,,,,,,,,,,,,,,,,,,,,
b4006,AICART,IMPC,,,,,,,,,,,,,,,,,,,,,,,,,,,,,,,,,,,,,,,,
b4005,PRAGSr,,,,,,,,,,,,,,,,,,,,,,,,,,,,,,,,,,,,,,,,,
b3791,TDPAGTA,,,,,,,,,,,,,,,,,,,,,,,,,,,,,,,,,,,,,,,,,
b3812,ACP1_FMN,PMDPHT,,,,,,,,,,,,,,,,,,,,,,,,,,,,,,,,,,,,,,,,
b2957,ASNNpp,GLUNpp,,,,,,,,,,,,,,,,,,,,,,,,,,,,,,,,,,,,,,,,
b2954,NTPP10,NTPP11,NTPP9,,,,,,,,,,,,,,,,,,,,,,,,,,,,,,,,,,,,,,,
b2895;b3924,FLDR2,,,,,,,,,,,,,,,,,,,,,,,,,,,,,,,,,,,,,,,,,
b0907,OHPBAT,PSERT,SDPTA,,,,,,,,,,,,,,,,,,,,,,,,,,,,,,,,,,,,,,,
b0452,FACOAE100,FACOAE120,FACOAE140,FACOAE141,FACOAE160,FACOAE161,FACOAE180,FACOAE181,FACOAE60,FACOAE80,,,,,,,,,,,,,,,,,,,,,,,,,,,,,,,,
b0905,NTPP6,,,,,,,,,,,,,,,,,,,,,,,,,,,,,,,,,,,,,,,,,
b2601,DDPA,,,,,,,,,,,,,,,,,,,,,,,,,,,,,,,,,,,,,,,,,
b2558,MLTGY1pp,MLTGY2pp,MLTGY3pp,MLTGY4pp,,,,,,,,,,,,,,,,,,,,,,,,,,,,,,,,,,,,,,
b2557,PRFGS,,,,,,,,,,,,,,,,,,,,,,,,,,,,,,,,,,,,,,,,,
b2224,ACACT1r,,,,,,,,,,,,,,,,,,,,,,,,,,,,,,,,,,,,,,,,,
b3417,GLCP,GLCP2,MLTP1,MLTP2,MLTP3,,,,,,,,,,,,,,,,,,,,,,,,,,,,,,,,,,,,,
b2552,NODOx,NODOy,,,,,,,,,,,,,,,,,,,,,,,,,,,,,,,,,,,,,,,,
b2551,ALATA_D2,ALATA_L2,GHMT2r,THFAT,THRA,THRA2,,,,,,,,,,,,,,,,,,,,,,,,,,,,,,,,,,,,
b1064;b2675;b2676,RNDR1b,RNDR2b,RNDR3b,RNDR4b,,,,,,,,,,,,,,,,,,,,,,,,,,,,,,,,,,,,,,
b1059,MTRPOX,SARCOX,,,,,,,,,,,,,,,,,,,,,,,,,,,,,,,,,,,,,,,,
b2041,TDPGDH,,,,,,,,,,,,,,,,,,,,,,,,,,,,,,,,,,,,,,,,,
b2040,TDPDRR,,,,,,,,,,,,,,,,,,,,,,,,,,,,,,,,,,,,,,,,,
s0001,ACONIs,AOBUTDs,ATPHs,CBMD,DATPHs,DHGLYH,DHPTDCs2,FALGTHLs,FESD1s,FESD2s,G5SADs,GTPHs,METOX1s,METOX2s,MTHTHFSs,NADHHR,NADHHS,NADPHHR,NADPHHS,OMCDC,,,,,,,,,,,,,,,,,,,,,,
b0071;b0072,IPPMIa,IPPMIb,,,,,,,,,,,,,,,,,,,,,,,,,,,,,,,,,,,,,,,,
b2727,NTP3,,,,,,,,,,,,,,,,,,,,,,,,,,,,,,,,,,,,,,,,,
b2049,MAN1PT2,,,,,,,,,,,,,,,,,,,,,,,,,,,,,,,,,,,,,,,,,
b2048,PMANM,,,,,,,,,,,,,,,,,,,,,,,,,,,,,,,,,,,,,,,,,
b1054,EDTXS1,,,,,,,,,,,,,,,,,,,,,,,,,,,,,,,,,,,,,,,,,
b3925,FBP,,,,,,,,,,,,,,,,,,,,,,,,,,,,,,,,,,,,,,,,,
b0222,S7PI,,,,,,,,,,,,,,,,,,,,,,,,,,,,,,,,,,,,,,,,,
b0221,ACOAD1f,ACOAD2f,ACOAD3f,ACOAD4f,ACOAD5f,ACOAD6f,ACOAD7f,ACOAD8f,,,,,,,,,,,,,,,,,,,,,,,,,,,,,,,,,,
b3926,GLYK,,,,,,,,,,,,,,,,,,,,,,,,,,,,,,,,,,,,,,,,,
b3416,AMALT1,AMALT2,AMALT3,AMALT4,,,,,,,,,,,,,,,,,,,,,,,,,,,,,,,,,,,,,,
b1702,PPS,,,,,,,,,,,,,,,,,,,,,,,,,,,,,,,,,,,,,,,,,
b3779,GTPDPDP,,,,,,,,,,,,,,,,,,,,,,,,,,,,,,,,,,,,,,,,,
b0781;b0783,CPMPS,,,,,,,,,,,,,,,,,,,,,,,,,,,,,,,,,,,,,,,,,
b2095;b2096,TGBPA,,,,,,,,,,,,,,,,,,,,,,,,,,,,,,,,,,,,,,,,,
b2032,O16GLCT1,,,,,,,,,,,,,,,,,,,,,,,,,,,,,,,,,,,,,,,,,
b2033,O16AT,,,,,,,,,,,,,,,,,,,,,,,,,,,,,,,,,,,,,,,,,
b2034,O16GALFT,,,,,,,,,,,,,,,,,,,,,,,,,,,,,,,,,,,,,,,,,
b2036,UDPGALM,,,,,,,,,,,,,,,,,,,,,,,,,,,,,,,,,,,,,,,,,
b2037,O16AUNDtpp,,,,,,,,,,,,,,,,,,,,,,,,,,,,,,,,,,,,,,,,,
b2038,TDPDRE,,,,,,,,,,,,,,,,,,,,,,,,,,,,,,,,,,,,,,,,,
b2039,G1PTT,,,,,,,,,,,,,,,,,,,,,,,,,,,,,,,,,,,,,,,,,
b2297,PTA2,PTAr,,,,,,,,,,,,,,,,,,,,,,,,,,,,,,,,,,,,,,,,
b1317,PGMT,,,,,,,,,,,,,,,,,,,,,,,,,,,,,,,,,,,,,,,,,
b1606,DHFR,DHMPTR,,,,,,,,,,,,,,,,,,,,,,,,,,,,,,,,,,,,,,,,
b4196,KG6PDC,,,,,,,,,,,,,,,,,,,,,,,,,,,,,,,,,,,,,,,,,
b4096;b4099;b4100;b4101,ARMEPNS,,,,,,,,,,,,,,,,,,,,,,,,,,,,,,,,,,,,,,,,,
b3616,THRD,,,,,,,,,,,,,,,,,,,,,,,,,,,,,,,,,,,,,,,,,
b1021;b1022,PUACGAMS,,,,,,,,,,,,,,,,,,,,,,,,,,,,,,,,,,,,,,,,,
b1278,PAPA120,PAPA120pp,PAPA140,PAPA140pp,PAPA141,PAPA141pp,PAPA160,PAPA160pp,PAPA161,PAPA161pp,PAPA180,PAPA180pp,PAPA181,PAPA181pp,PGPP120,PGPP120pp,PGPP140,PGPP140pp,PGPP141,PGPP141pp,PGPP160,PGPP160pp,PGPP161,PGPP161pp,PGPP180,PGPP180pp,PGPP181,PGPP181pp,UDCPDP,UDCPDPpp,,,,,,,,,,,,
b4198,RBP4E,,,,,,,,,,,,,,,,,,,,,,,,,,,,,,,,,,,,,,,,,
b0651,CYTDH,URIH,,,,,,,,,,,,,,,,,,,,,,,,,,,,,,,,,,,,,,,,
b1281,OMPDC,,,,,,,,,,,,,,,,,,,,,,,,,,,,,,,,,,,,,,,,,
b0837,GLCDpp,,,,,,,,,,,,,,,,,,,,,,,,,,,,,,,,,,,,,,,,,
b1064;b2762,PAPSR2,,,,,,,,,,,,,,,,,,,,,,,,,,,,,,,,,,,,,,,,,
b1285,CDGUNPD,LDGUNPD,,,,,,,,,,,,,,,,,,,,,,,,,,,,,,,,,,,,,,,,
b1092;b1094,MCOATA,,,,,,,,,,,,,,,,,,,,,,,,,,,,,,,,,,,,,,,,,
b1288,EAR100x,EAR100y,EAR120x,EAR120y,EAR121x,EAR121y,EAR140x,EAR140y,EAR141x,EAR141y,EAR160x,EAR160y,EAR161x,EAR161y,EAR180x,EAR180y,EAR181x,EAR181y,EAR40x,EAR40y,EAR60x,EAR60y,EAR80x,EAR80y,EGMEACPR,EPMEACPR,,,,,,,,,,,,,,,,
b3034,ADPRDP,,,,,,,,,,,,,,,,,,,,,,,,,,,,,,,,,,,,,,,,,
b0311,CHOLD,,,,,,,,,,,,,,,,,,,,,,,,,,,,,,,,,,,,,,,,,
b1113,MLDCP1App,MLDCP1Bpp,MLDCP2App,MLDCP2Bpp,MLDCP3App,,,,,,,,,,,,,,,,,,,,,,,,,,,,,,,,,,,,,
b1378;b2895,POR5,,,,,,,,,,,,,,,,,,,,,,,,,,,,,,,,,,,,,,,,,
b1119,ACGAMK,,,,,,,,,,,,,,,,,,,,,,,,,,,,,,,,,,,,,,,,,
b0077;b0078,ACHBS,ACLS,,,,,,,,,,,,,,,,,,,,,,,,,,,,,,,,,,,,,,,,
b3919,TPI,,,,,,,,,,,,,,,,,,,,,,,,,,,,,,,,,,,,,,,,,
b1302,ABTA,ACOTA,SDPTA,,,,,,,,,,,,,,,,,,,,,,,,,,,,,,,,,,,,,,,
b1301,GGPTRCO,,,,,,,,,,,,,,,,,,,,,,,,,,,,,,,,,,,,,,,,,
b1300,3HPADHi,GGGABADr,,,,,,,,,,,,,,,,,,,,,,,,,,,,,,,,,,,,,,,,
b3198,KDOPP,,,,,,,,,,,,,,,,,,,,,,,,,,,,,,,,,,,,,,,,,
b2994;b2995;b2996;b2997,HYD1pp,HYD2pp,HYD3pp,,,,,,,,,,,,,,,,,,,,,,,,,,,,,,,,,,,,,,,
b1224;b1225;b1226;b1227,NO3R1pp,NO3R2pp,,,,,,,,,,,,,,,,,,,,,,,,,,,,,,,,,,,,,,,,
b3580,3KGK,XYLK2,,,,,,,,,,,,,,,,,,,,,,,,,,,,,,,,,,,,,,,,
b3626,GLCTR3,,,,,,,,,,,,,,,,,,,,,,,,,,,,,,,,,,,,,,,,,
b3627,GLCTR2,,,,,,,,,,,,,,,,,,,,,,,,,,,,,,,,,,,,,,,,,
b3624,MOAT3C,,,,,,,,,,,,,,,,,,,,,,,,,,,,,,,,,,,,,,,,,
b3197,A5PISO,,,,,,,,,,,,,,,,,,,,,,,,,,,,,,,,,,,,,,,,,
b3622,ECA4OALpp,O16A4Lpp,,,,,,,,,,,,,,,,,,,,,,,,,,,,,,,,,,,,,,,,
b3623,HEPT4,,,,,,,,,,,,,,,,,,,,,,,,,,,,,,,,,,,,,,,,,
b3620,HEPT2,,,,,,,,,,,,,,,,,,,,,,,,,,,,,,,,,,,,,,,,,
b3588,ALDD2y,ALDD3y,,,,,,,,,,,,,,,,,,,,,,,,,,,,,,,,,,,,,,,,
b4381,DRPA,,,,,,,,,,,,,,,,,,,,,,,,,,,,,,,,,,,,,,,,,
b4269,ALDD2y,ALDD3y,,,,,,,,,,,,,,,,,,,,,,,,,,,,,,,,,,,,,,,,
b4268,GNK,,,,,,,,,,,,,,,,,,,,,,,,,,,,,,,,,,,,,,,,,
b4384,DURIPP,PUNP1,PUNP2,PUNP3,PUNP4,PUNP5,PUNP6,,,,,,,,,,,,,,,,,,,,,,,,,,,,,,,,,,,
b4386,LIPAMPL,LIPATPT,OCTNLL,,,,,,,,,,,,,,,,,,,,,,,,,,,,,,,,,,,,,,,
b1896,TRE6PS,,,,,,,,,,,,,,,,,,,,,,,,,,,,,,,,,,,,,,,,,
b1732,CAT,,,,,,,,,,,,,,,,,,,,,,,,,,,,,,,,,,,,,,,,,
b1733,DC6PDA,,,,,,,,,,,,,,,,,,,,,,,,,,,,,,,,,,,,,,,,,
b4260,AMPTASECG,AMPTASEPG,,,,,,,,,,,,,,,,,,,,,,,,,,,,,,,,,,,,,,,,
b4267,IDOND,IDOND2,,,,,,,,,,,,,,,,,,,,,,,,,,,,,,,,,,,,,,,,
b4266,5DGLCNR,5DKGR,,,,,,,,,,,,,,,,,,,,,,,,,,,,,,,,,,,,,,,,
b1734,BGLA1,MC6PH,,,,,,,,,,,,,,,,,,,,,,,,,,,,,,,,,,,,,,,,
b3908,SPODM,,,,,,,,,,,,,,,,,,,,,,,,,,,,,,,,,,,,,,,,,
b0888;b2582,TRDR,,,,,,,,,,,,,,,,,,,,,,,,,,,,,,,,,,,,,,,,,
b0175,DASYN120,DASYN140,DASYN141,DASYN160,DASYN161,DASYN180,DASYN181,,,,,,,,,,,,,,,,,,,,,,,,,,,,,,,,,,,
b3941,MTHFR2,,,,,,,,,,,,,,,,,,,,,,,,,,,,,,,,,,,,,,,,,
b0733;b0734;b4515,CYTBDpp,,,,,,,,,,,,,,,,,,,,,,,,,,,,,,,,,,,,,,,,,
b3412,PMEACPE,,,,,,,,,,,,,,,,,,,,,,,,,,,,,,,,,,,,,,,,,
b0638,RZ5PP,,,,,,,,,,,,,,,,,,,,,,,,,,,,,,,,,,,,,,,,,
b1236,GALUi,,,,,,,,,,,,,,,,,,,,,,,,,,,,,,,,,,,,,,,,,
b0732,MANPGH,,,,,,,,,,,,,,,,,,,,,,,,,,,,,,,,,,,,,,,,,
b1232,FTHFD,,,,,,,,,,,,,,,,,,,,,,,,,,,,,,,,,,,,,,,,,
b4226,PPA,,,,,,,,,,,,,,,,,,,,,,,,,,,,,,,,,,,,,,,,,
b0630,LIPOCT,,,,,,,,,,,,,,,,,,,,,,,,,,,,,,,,,,,,,,,,,
b0632,MDDCP1pp,MDDCP2pp,MDDCP3pp,MDDCP4pp,MDDCP5pp,,,,,,,,,,,,,,,,,,,,,,,,,,,,,,,,,,,,,
b1474;b1475;b1476,FDH4pp,FDH5pp,,,,,,,,,,,,,,,,,,,,,,,,,,,,,,,,,,,,,,,,
b1238,DURIK1,TMDK1,,,,,,,,,,,,,,,,,,,,,,,,,,,,,,,,,,,,,,,,
b0469,ADPT,,,,,,,,,,,,,,,,,,,,,,,,,,,,,,,,,,,,,,,,,
b3449,GPDDA1,GPDDA2,GPDDA3,GPDDA4,GPDDA5,,,,,,,,,,,,,,,,,,,,,,,,,,,,,,,,,,,,,
b2668,CYANST,,,,,,,,,,,,,,,,,,,,,,,,,,,,,,,,,,,,,,,,,
b2919,MMCD,,,,,,,,,,,,,,,,,,,,,,,,,,,,,,,,,,,,,,,,,
b4477,DDPGALA,,,,,,,,,,,,,,,,,,,,,,,,,,,,,,,,,,,,,,,,,
b2917,MMM,,,,,,,,,,,,,,,,,,,,,,,,,,,,,,,,,,,,,,,,,
b3628,GALT1,,,,,,,,,,,,,,,,,,,,,,,,,,,,,,,,,,,,,,,,,
b2914,RPI,,,,,,,,,,,,,,,,,,,,,,,,,,,,,,,,,,,,,,,,,
b2661,SSALy,,,,,,,,,,,,,,,,,,,,,,,,,,,,,,,,,,,,,,,,,
b2660,SHGO,,,,,,,,,,,,,,,,,,,,,,,,,,,,,,,,,,,,,,,,,
b2662,ABTA,ACOTA,SDPTA,,,,,,,,,,,,,,,,,,,,,,,,,,,,,,,,,,,,,,,
b3693,DDGALK,,,,,,,,,,,,,,,,,,,,,,,,,,,,,,,,,,,,,,,,,
b3697,F1PP,F6PP,FBP,G1PP,MN6PP,R5PP,,,,,,,,,,,,,,,,,,,,,,,,,,,,,,,,,,,,
b4169,AGM3PApp,AGM4PApp,,,,,,,,,,,,,,,,,,,,,,,,,,,,,,,,,,,,,,,,
b3656,XYHDL,,,,,,,,,,,,,,,,,,,,,,,,,,,,,,,,,,,,,,,,,
b4167,NADHXD,NADHXE,NADPHXD,NADPHXE,,,,,,,,,,,,,,,,,,,,,,,,,,,,,,,,,,,,,,
b4160,PSD120,PSD140,PSD141,PSD160,PSD161,PSD180,PSD181,,,,,,,,,,,,,,,,,,,,,,,,,,,,,,,,,,,
b4161,NTP1,NTP10,NTP3,NTP5,,,,,,,,,,,,,,,,,,,,,,,,,,,,,,,,,,,,,,
b0494,LPLIPAL1A120pp,LPLIPAL1A140pp,LPLIPAL1A141pp,LPLIPAL1A160pp,LPLIPAL1A161pp,LPLIPAL1A180pp,LPLIPAL1A181pp,LPLIPAL1E120pp,LPLIPAL1E140pp,LPLIPAL1E141pp,LPLIPAL1E160pp,LPLIPAL1E161pp,LPLIPAL1E180pp,LPLIPAL1E181pp,LPLIPAL1G120pp,LPLIPAL1G140pp,LPLIPAL1G141pp,LPLIPAL1G160pp,LPLIPAL1G161pp,LPLIPAL1G180pp,LPLIPAL1G181pp,,,,,,,,,,,,,,,,,,,,,
b2221;b2222,ACACCT,BUTCT,HXCT,,,,,,,,,,,,,,,,,,,,,,,,,,,,,,,,,,,,,,,
b2263,SHCHCS3,,,,,,,,,,,,,,,,,,,,,,,,,,,,,,,,,,,,,,,,,
b2262,DHNCOAS,,,,,,,,,,,,,,,,,,,,,,,,,,,,,,,,,,,,,,,,,
b2265,ICHORS_copy2,,,,,,,,,,,,,,,,,,,,,,,,,,,,,,,,,,,,,,,,,
b2264,SEPHCHCS,,,,,,,,,,,,,,,,,,,,,,,,,,,,,,,,,,,,,,,,,
b0493,ALDD2y,,,,,,,,,,,,,,,,,,,,,,,,,,,,,,,,,,,,,,,,,
b2763;b2764,FADRx2,FLVR,FMNRx2,SULR,,,,,,,,,,,,,,,,,,,,,,,,,,,,,,,,,,,,,,
b4471,SERD_L,,,,,,,,,,,,,,,,,,,,,,,,,,,,,,,,,,,,,,,,,
b3428,GLCP,GLCP2,,,,,,,,,,,,,,,,,,,,,,,,,,,,,,,,,,,,,,,,
b3787,UACMAMO,,,,,,,,,,,,,,,,,,,,,,,,,,,,,,,,,,,,,,,,,
b0124,GLCDpp,,,,,,,,,,,,,,,,,,,,,,,,,,,,,,,,,,,,,,,,,
b0125,GUAPRT,HXPRT,,,,,,,,,,,,,,,,,,,,,,,,,,,,,,,,,,,,,,,,
b0126,HCO3E,,,,,,,,,,,,,,,,,,,,,,,,,,,,,,,,,,,,,,,,,
b3786,UAG2E,,,,,,,,,,,,,,,,,,,,,,,,,,,,,,,,,,,,,,,,,
b0120,ADMDC,,,,,,,,,,,,,,,,,,,,,,,,,,,,,,,,,,,,,,,,,
b0121,APCS,SPMS,,,,,,,,,,,,,,,,,,,,,,,,,,,,,,,,,,,,,,,,
b0088,UAMAGS,,,,,,,,,,,,,,,,,,,,,,,,,,,,,,,,,,,,,,,,,
b0087,PAPPT3,,,,,,,,,,,,,,,,,,,,,,,,,,,,,,,,,,,,,,,,,
b0086,UGMDDS,,,,,,,,,,,,,,,,,,,,,,,,,,,,,,,,,,,,,,,,,
b0085,UAAGDS,,,,,,,,,,,,,,,,,,,,,,,,,,,,,,,,,,,,,,,,,
b3650,GDPDPK,GDPTPDP,PPGPPDP,,,,,,,,,,,,,,,,,,,,,,,,,,,,,,,,,,,,,,,
b2342,ACACT1r,ACACT2r,ACACT3r,ACACT4r,ACACT5r,ACACT6r,ACACT7r,ACACT8r,,,,,,,,,,,,,,,,,,,,,,,,,,,,,,,,,,
b2615,NADK,,,,,,,,,,,,,,,,,,,,,,,,,,,,,,,,,,,,,,,,,
b2341,ECOAH1,ECOAH2,ECOAH3,ECOAH4,ECOAH5,ECOAH6,ECOAH7,ECOAH8,HACD1,HACD2,HACD3,HACD4,HACD5,HACD6,HACD7,HACD8,,,,,,,,,,,,,,,,,,,,,,,,,,
b2166,PSURIK,,,,,,,,,,,,,,,,,,,,,,,,,,,,,,,,,,,,,,,,,
b0403,MLTG1,MLTG2,MLTG3,MLTG4,MLTG5,,,,,,,,,,,,,,,,,,,,,,,,,,,,,,,,,,,,,
b2165,YUMPS,,,,,,,,,,,,,,,,,,,,,,,,,,,,,,,,,,,,,,,,,
b2162,CYTDH,URIH,,,,,,,,,,,,,,,,,,,,,,,,,,,,,,,,,,,,,,,,
b0052;b2564,PDX5PS,,,,,,,,,,,,,,,,,,,,,,,,,,,,,,,,,,,,,,,,,
b0261,HCYSMT,HCYSMT2,,,,,,,,,,,,,,,,,,,,,,,,,,,,,,,,,,,,,,,,
b0269,DXYLTD,,,,,,,,,,,,,,,,,,,,,,,,,,,,,,,,,,,,,,,,,
b0268,2DDARAA,,,,,,,,,,,,,,,,,,,,,,,,,,,,,,,,,,,,,,,,,
b3846,CTECOAI6,CTECOAI7,CTECOAI8,ECOAH1,ECOAH2,ECOAH3,ECOAH4,ECOAH5,ECOAH6,ECOAH7,ECOAH8,HACD1,HACD2,HACD3,HACD4,HACD5,HACD6,HACD7,HACD8,,,,,,,,,,,,,,,,,,,,,,,
b3844,FADRx,FE3Ri,FLVR,FLVRx,FMNRx,FMNRx2,,,,,,,,,,,,,,,,,,,,,,,,,,,,,,,,,,,,
b3845,ACACT1r,ACACT2r,ACACT3r,ACACT4r,ACACT5r,ACACT6r,ACACT7r,ACACT8r,,,,,,,,,,,,,,,,,,,,,,,,,,,,,,,,,,
b0061,RBP4E,,,,,,,,,,,,,,,,,,,,,,,,,,,,,,,,,,,,,,,,,
b3843,OPHBDC,,,,,,,,,,,,,,,,,,,,,,,,,,,,,,,,,,,,,,,,,
b0063,RBK_L1,XYLK,XYLK2,,,,,,,,,,,,,,,,,,,,,,,,,,,,,,,,,,,,,,,
b0062,ARAI,,,,,,,,,,,,,,,,,,,,,,,,,,,,,,,,,,,,,,,,,
b2988,GSPMDA,GSPMDS,,,,,,,,,,,,,,,,,,,,,,,,,,,,,,,,,,,,,,,,
b2989,2HESR,,,,,,,,,,,,,,,,,,,,,,,,,,,,,,,,,,,,,,,,,
b0978;b0979,CYTBD2pp,CYTBDpp,,,,,,,,,,,,,,,,,,,,,,,,,,,,,,,,,,,,,,,,
b3967,GLUR,,,,,,,,,,,,,,,,,,,,,,,,,,,,,,,,,,,,,,,,,
b0048,DHFR,,,,,,,,,,,,,,,,,,,,,,,,,,,,,,,,,,,,,,,,,
b3831,PYNP2r,,,,,,,,,,,,,,,,,,,,,,,,,,,,,,,,,,,,,,,,,
b2529,I4FE4SR,,,,,,,,,,,,,,,,,,,,,,,,,,,,,,,,,,,,,,,,,
b0084;b0149;b0635,MCTP1App,MCTP2App,,,,,,,,,,,,,,,,,,,,,,,,,,,,,,,,,,,,,,,,
b3788,TDPGDH,,,,,,,,,,,,,,,,,,,,,,,,,,,,,,,,,,,,,,,,,
b3994,AMPMS2,,,,,,,,,,,,,,,,,,,,,,,,,,,,,,,,,,,,,,,,,
b3996,NADDP,,,,,,,,,,,,,,,,,,,,,,,,,,,,,,,,,,,,,,,,,
b2507,GMPS,GMPS2,,,,,,,,,,,,,,,,,,,,,,,,,,,,,,,,,,,,,,,,
b2500,GARFT,,,,,,,,,,,,,,,,,,,,,,,,,,,,,,,,,,,,,,,,,
b2501,PPK,PPK2,,,,,,,,,,,,,,,,,,,,,,,,,,,,,,,,,,,,,,,,
b2502,PPA,PPA2,,,,,,,,,,,,,,,,,,,,,,,,,,,,,,,,,,,,,,,,
b2503,CDGUNPD,,,,,,,,,,,,,,,,,,,,,,,,,,,,,,,,,,,,,,,,,
b2467,GDPMNP,,,,,,,,,,,,,,,,,,,,,,,,,,,,,,,,,,,,,,,,,
b2465,TKT1,TKT2,,,,,,,,,,,,,,,,,,,,,,,,,,,,,,,,,,,,,,,,
b2464,TALA,,,,,,,,,,,,,,,,,,,,,,,,,,,,,,,,,,,,,,,,,
b2508,IMPD,,,,,,,,,,,,,,,,,,,,,,,,,,,,,,,,,,,,,,,,,
b3426,G3PD5,,,,,,,,,,,,,,,,,,,,,,,,,,,,,,,,,,,,,,,,,
b0721;b0722;b0723;b0724,SUCDi,,,,,,,,,,,,,,,,,,,,,,,,,,,,,,,,,,,,,,,,,
b2716,AB6PGH,BGLA1,,,,,,,,,,,,,,,,,,,,,,,,,,,,,,,,,,,,,,,,
b2291,NTD1,NTD12,NTD3,NTD5,NTD6,NTD8,,,,,,,,,,,,,,,,,,,,,,,,,,,,,,,,,,,,
b2979;b4467;b4468,GLYCTO2,GLYCTO3,GLYCTO4,,,,,,,,,,,,,,,,,,,,,,,,,,,,,,,,,,,,,,,
b0423;b2530;b3990;b3992;b4407,THZPSN3,,,,,,,,,,,,,,,,,,,,,,,,,,,,,,,,,,,,,,,,,
b2688,GLUCYS,,,,,,,,,,,,,,,,,,,,,,,,,,,,,,,,,,,,,,,,,
b3625,HEPK2,,,,,,,,,,,,,,,,,,,,,,,,,,,,,,,,,,,,,,,,,
b4146,LYSAM,,,,,,,,,,,,,,,,,,,,,,,,,,,,,,,,,,,,,,,,,
b1521,TAGURr,,,,,,,,,,,,,,,,,,,,,,,,,,,,,,,,,,,,,,,,,
b2765,CPH4S,,,,,,,,,,,,,,,,,,,,,,,,,,,,,,,,,,,,,,,,,
b1019,FCLT,,,,,,,,,,,,,,,,,,,,,,,,,,,,,,,,,,,,,,,,,
b0684;b1378,POR5,,,,,,,,,,,,,,,,,,,,,,,,,,,,,,,,,,,,,,,,,
b3500,GTHOr,,,,,,,,,,,,,,,,,,,,,,,,,,,,,,,,,,,,,,,,,
b1011,URACPAH,,,,,,,,,,,,,,,,,,,,,,,,,,,,,,,,,,,,,,,,,
b1010,POAACR,,,,,,,,,,,,,,,,,,,,,,,,,,,,,,,,,,,,,,,,,
b3951;b3952,PFL,,,,,,,,,,,,,,,,,,,,,,,,,,,,,,,,,,,,,,,,,
b0766,PDXPP,PYDXPP,,,,,,,,,,,,,,,,,,,,,,,,,,,,,,,,,,,,,,,,
b0767,PGL,,,,,,,,,,,,,,,,,,,,,,,,,,,,,,,,,,,,,,,,,
b3092,GUI1,GUI2,,,,,,,,,,,,,,,,,,,,,,,,,,,,,,,,,,,,,,,,
b3546,PETNT161pp,PETNT181pp,,,,,,,,,,,,,,,,,,,,,,,,,,,,,,,,,,,,,,,,
b1262,IGPS,PRAIi,,,,,,,,,,,,,,,,,,,,,,,,,,,,,,,,,,,,,,,,
b1263,ANPRT,,,,,,,,,,,,,,,,,,,,,,,,,,,,,,,,,,,,,,,,,
b0902;b3114,OBTFL,PFL,,,,,,,,,,,,,,,,,,,,,,,,,,,,,,,,,,,,,,,,
b0394,HEX7,,,,,,,,,,,,,,,,,,,,,,,,,,,,,,,,,,,,,,,,,
b0784;b2530,MOADSUx,,,,,,,,,,,,,,,,,,,,,,,,,,,,,,,,,,,,,,,,,
b1007;b1012,PYROX,,,,,,,,,,,,,,,,,,,,,,,,,,,,,,,,,,,,,,,,,
b1465;b1466;b1467;b1468,NO3R1pp,NO3R2pp,,,,,,,,,,,,,,,,,,,,,,,,,,,,,,,,,,,,,,,,
b0446,2DOXG6PP,2MAHMP,ACP1_FMN,PYDXPP,,,,,,,,,,,,,,,,,,,,,,,,,,,,,,,,,,,,,,
b0849,GRXR,,,,,,,,,,,,,,,,,,,,,,,,,,,,,,,,,,,,,,,,,
b1640,ANHMK,,,,,,,,,,,,,,,,,,,,,,,,,,,,,,,,,,,,,,,,,
b1865,DNTPPA,NTPP5,,,,,,,,,,,,,,,,,,,,,,,,,,,,,,,,,,,,,,,,
b1646,SPODMpp,,,,,,,,,,,,,,,,,,,,,,,,,,,,,,,,,,,,,,,,,
b2719;b2720;b2721;b2722;b2723;b2724,HYD1pp,,,,,,,,,,,,,,,,,,,,,,,,,,,,,,,,,,,,,,,,,
b0841,UDCPDP,UDCPDPpp,,,,,,,,,,,,,,,,,,,,,,,,,,,,,,,,,,,,,,,,
b1778;b2582,METSOXR2,,,,,,,,,,,,,,,,,,,,,,,,,,,,,,,,,,,,,,,,,
b0844,ACP1_FMN,PMDPHT,,,,,,,,,,,,,,,,,,,,,,,,,,,,,,,,,,,,,,,,
b4122,DTARTD,FUM,,,,,,,,,,,,,,,,,,,,,,,,,,,,,,,,,,,,,,,,
b0509,TRSARr,,,,,,,,,,,,,,,,,,,,,,,,,,,,,,,,,,,,,,,,,
b3248,NTPP7,NTPP8,,,,,,,,,,,,,,,,,,,,,,,,,,,,,,,,,,,,,,,,
b0118,ACONTa,ACONTb,MICITDr,,,,,,,,,,,,,,,,,,,,,,,,,,,,,,,,,,,,,,,
b1584,SPMDAT1,SPMDAT2,,,,,,,,,,,,,,,,,,,,,,,,,,,,,,,,,,,,,,,,
b3715,GNP,,,,,,,,,,,,,,,,,,,,,,,,,,,,,,,,,,,,,,,,,
b0355,SFGTHi,,,,,,,,,,,,,,,,,,,,,,,,,,,,,,,,,,,,,,,,,
b3713,NADH10,NADH5,NADH9,,,,,,,,,,,,,,,,,,,,,,,,,,,,,,,,,,,,,,,
b4085,ALLULPE,,,,,,,,,,,,,,,,,,,,,,,,,,,,,,,,,,,,,,,,,
b4084,ALLK,,,,,,,,,,,,,,,,,,,,,,,,,,,,,,,,,,,,,,,,,
b1740,NADS1,,,,,,,,,,,,,,,,,,,,,,,,,,,,,,,,,,,,,,,,,
b1747,AST,,,,,,,,,,,,,,,,,,,,,,,,,,,,,,,,,,,,,,,,,
b2906,OPHHXy,,,,,,,,,,,,,,,,,,,,,,,,,,,,,,,,,,,,,,,,,
b1745,SADH,,,,,,,,,,,,,,,,,,,,,,,,,,,,,,,,,,,,,,,,,
b1744,SGDS,,,,,,,,,,,,,,,,,,,,,,,,,,,,,,,,,,,,,,,,,
b1463,ACANTHAT,,,,,,,,,,,,,,,,,,,,,,,,,,,,,,,,,,,,,,,,,
b1748,ACOTA,SDPTA,SOTA,,,,,,,,,,,,,,,,,,,,,,,,,,,,,,,,,,,,,,,
b1654;b2675;b2676,RNDR1b,RNDR2b,RNDR3b,RNDR4b,,,,,,,,,,,,,,,,,,,,,,,,,,,,,,,,,,,,,,
b2302,2HESR,,,,,,,,,,,,,,,,,,,,,,,,,,,,,,,,,,,,,,,,,
b2303,DHPTPE,,,,,,,,,,,,,,,,,,,,,,,,,,,,,,,,,,,,,,,,,
b1681;b1682;b1683;b1684,S2FE2ST,S4FE4ST,,,,,,,,,,,,,,,,,,,,,,,,,,,,,,,,,,,,,,,,
b1260;b1261,TRPS1,TRPS2,TRPS3,,,,,,,,,,,,,,,,,,,,,,,,,,,,,,,,,,,,,,,
b0595,ICHORT,,,,,,,,,,,,,,,,,,,,,,,,,,,,,,,,,,,,,,,,,
b0594,DHBS,,,,,,,,,,,,,,,,,,,,,,,,,,,,,,,,,,,,,,,,,
b0597,3HBZCT,,,,,,,,,,,,,,,,,,,,,,,,,,,,,,,,,,,,,,,,,
b0596,DHBD,,,,,,,,,,,,,,,,,,,,,,,,,,,,,,,,,,,,,,,,,
b3399,NTD11,NTD12,NTD7,NTD8,NTD9,,,,,,,,,,,,,,,,,,,,,,,,,,,,,,,,,,,,,
b0980,NTP3pp,PHYTSpp,,,,,,,,,,,,,,,,,,,,,,,,,,,,,,,,,,,,,,,,
b3781;b4219,METSOXR1,,,,,,,,,,,,,,,,,,,,,,,,,,,,,,,,,,,,,,,,,
b3731;b3732;b3733;b3734;b3735;b3736;b3737;b3738,ATPS4rpp,,,,,,,,,,,,,,,,,,,,,,,,,,,,,,,,,,,,,,,,,
b0604,DSBGGT,,,,,,,,,,,,,,,,,,,,,,,,,,,,,,,,,,,,,,,,,
b1341,DGUNC,,,,,,,,,,,,,,,,,,,,,,,,,,,,,,,,,,,,,,,,,
b3665,ADD,,,,,,,,,,,,,,,,,,,,,,,,,,,,,,,,,,,,,,,,,
b0160,NTPTP1,NTPTP2,,,,,,,,,,,,,,,,,,,,,,,,,,,,,,,,,,,,,,,,
b1185;b3860,DSBAO1,DSBAO2,,,,,,,,,,,,,,,,,,,,,,,,,,,,,,,,,,,,,,,,
b0166,THDPS,,,,,,,,,,,,,,,,,,,,,,,,,,,,,,,,,,,,,,,,,
b0340,CYNTAH,,,,,,,,,,,,,,,,,,,,,,,,,,,,,,,,,,,,,,,,,
b3432,GLBRAN2,,,,,,,,,,,,,,,,,,,,,,,,,,,,,,,,,,,,,,,,,
b3431,GLDBRAN2,,,,,,,,,,,,,,,,,,,,,,,,,,,,,,,,,,,,,,,,,
b0839,MDDCP1pp,MDDCP2pp,MDDCP3pp,MDDCP4pp,MDDCP5pp,,,,,,,,,,,,,,,,,,,,,,,,,,,,,,,,,,,,,
b3437,GNK,,,,,,,,,,,,,,,,,,,,,,,,,,,,,,,,,,,,,,,,,
b2942,METAT,,,,,,,,,,,,,,,,,,,,,,,,,,,,,,,,,,,,,,,,,
b0429;b0430;b0431;b0432,CYTBO3_4pp,,,,,,,,,,,,,,,,,,,,,,,,,,,,,,,,,,,,,,,,,
b2827,TMDS,,,,,,,,,,,,,,,,,,,,,,,,,,,,,,,,,,,,,,,,,
b0349,HKNDDH,HKNTDH,,,,,,,,,,,,,,,,,,,,,,,,,,,,,,,,,,,,,,,,
b0089;b0149;b1069,MPTG,MPTG2,,,,,,,,,,,,,,,,,,,,,,,,,,,,,,,,,,,,,,,,
b0032;b0033,CBPS,,,,,,,,,,,,,,,,,,,,,,,,,,,,,,,,,,,,,,,,,
b2530,ICYSDS,,,,,,,,,,,,,,,,,,,,,,,,,,,,,,,,,,,,,,,,,
b2533,G2PP,MI1PP,,,,,,,,,,,,,,,,,,,,,,,,,,,,,,,,,,,,,,,,
b3032,PDE1,,,,,,,,,,,,,,,,,,,,,,,,,,,,,,,,,,,,,,,,,
b0029,DMPPS,IPDPS,,,,,,,,,,,,,,,,,,,,,,,,,,,,,,,,,,,,,,,,
b1517,PAI2T,,,,,,,,,,,,,,,,,,,,,,,,,,,,,,,,,,,,,,,,,
b3809,DAPE,,,,,,,,,,,,,,,,,,,,,,,,,,,,,,,,,,,,,,,,,
b0182,LPADSS,,,,,,,,,,,,,,,,,,,,,,,,,,,,,,,,,,,,,,,,,
b4019,METS,,,,,,,,,,,,,,,,,,,,,,,,,,,,,,,,,,,,,,,,,
b0180,3HAD100,3HAD120,3HAD121,3HAD140,3HAD141,3HAD160,3HAD161,3HAD180,3HAD181,3HAD40,3HAD60,3HAD80,OGMEACPD,OPMEACPD,,,,,,,,,,,,,,,,,,,,,,,,,,,,
b1511,AI2K,,,,,,,,,,,,,,,,,,,,,,,,,,,,,,,,,,,,,,,,,
b4014,MALS,,,,,,,,,,,,,,,,,,,,,,,,,,,,,,,,,,,,,,,,,
b4015,ICL,,,,,,,,,,,,,,,,,,,,,,,,,,,,,,,,,,,,,,,,,
b3670;b3671,ACHBS,ACLS,,,,,,,,,,,,,,,,,,,,,,,,,,,,,,,,,,,,,,,,
b3806,ADNCYC,,,,,,,,,,,,,,,,,,,,,,,,,,,,,,,,,,,,,,,,,
b1518,PAI2I,,,,,,,,,,,,,,,,,,,,,,,,,,,,,,,,,,,,,,,,,
b4013,HSST,,,,,,,,,,,,,,,,,,,,,,,,,,,,,,,,,,,,,,,,,
b4094,R15BPK,,,,,,,,,,,,,,,,,,,,,,,,,,,,,,,,,,,,,,,,,
b0352,HOPNTAL,,,,,,,,,,,,,,,,,,,,,,,,,,,,,,,,,,,,,,,,,
b2582;b4219,METSOXR1,,,,,,,,,,,,,,,,,,,,,,,,,,,,,,,,,,,,,,,,,
b3880,SQVOSI,,,,,,,,,,,,,,,,,,,,,,,,,,,,,,,,,,,,,,,,,
b0932,AMPTASECG,AMPTASEPG,,,,,,,,,,,,,,,,,,,,,,,,,,,,,,,,,,,,,,,,
b0931,NAMNPP,,,,,,,,,,,,,,,,,,,,,,,,,,,,,,,,,,,,,,,,,
b0937,FMNRx,FMNRx2,,,,,,,,,,,,,,,,,,,,,,,,,,,,,,,,,,,,,,,,
b3488,INOSTO,,,,,,,,,,,,,,,,,,,,,,,,,,,,,,,,,,,,,,,,,
b4129,AP4AS,,,,,,,,,,,,,,,,,,,,,,,,,,,,,,,,,,,,,,,,,
b2541,DHCIND,DHPPD,,,,,,,,,,,,,,,,,,,,,,,,,,,,,,,,,,,,,,,,
b4151;b4152;b4153;b4154,FRD2,FRD3,,,,,,,,,,,,,,,,,,,,,,,,,,,,,,,,,,,,,,,,
b2232,DMQMT,OHPHM,,,,,,,,,,,,,,,,,,,,,,,,,,,,,,,,,,,,,,,,
b1778;b3781,METSOXR2,,,,,,,,,,,,,,,,,,,,,,,,,,,,,,,,,,,,,,,,,
b2052,GDMANE,GOFUCR,,,,,,,,,,,,,,,,,,,,,,,,,,,,,,,,,,,,,,,,
b2053,GMAND,,,,,,,,,,,,,,,,,,,,,,,,,,,,,,,,,,,,,,,,,
b2051,GDPMNH,,,,,,,,,,,,,,,,,,,,,,,,,,,,,,,,,,,,,,,,,
b2750,ADSK,,,,,,,,,,,,,,,,,,,,,,,,,,,,,,,,,,,,,,,,,
b0110,AGM3PA,AGM4PA,AM3PA,AM4PA,,,,,,,,,,,,,,,,,,,,,,,,,,,,,,,,,,,,,,
b0335,ACCOAL,,,,,,,,,,,,,,,,,,,,,,,,,,,,,,,,,,,,,,,,,
b0334,MCITD,,,,,,,,,,,,,,,,,,,,,,,,,,,,,,,,,,,,,,,,,
b0337,CSND,,,,,,,,,,,,,,,,,,,,,,,,,,,,,,,,,,,,,,,,,
b0238,GUAPRT,HXPRT,XPPT,,,,,,,,,,,,,,,,,,,,,,,,,,,,,,,,,,,,,,,
b3930,DHNAOT4,,,,,,,,,,,,,,,,,,,,,,,,,,,,,,,,,,,,,,,,,
b0237,AMPTASECG,AMPTASEPG,LALGP,,,,,,,,,,,,,,,,,,,,,,,,,,,,,,,,,,,,,,,
b0339,HCO3E,,,,,,,,,,,,,,,,,,,,,,,,,,,,,,,,,,,,,,,,,
b0605;b0606,NADHPO,,,,,,,,,,,,,,,,,,,,,,,,,,,,,,,,,,,,,,,,,
b3939,SHSL1,,,,,,,,,,,,,,,,,,,,,,,,,,,,,,,,,,,,,,,,,
b2710;b2711,NHFRBO,,,,,,,,,,,,,,,,,,,,,,,,,,,,,,,,,,,,,,,,,
b2818,ACGS,,,,,,,,,,,,,,,,,,,,,,,,,,,,,,,,,,,,,,,,,
b0849;b2675;b2676,RNDR1b,RNDR2b,RNDR3b,RNDR4b,,,,,,,,,,,,,,,,,,,,,,,,,,,,,,,,,,,,,,
b0849;b2762,PAPSR2,,,,,,,,,,,,,,,,,,,,,,,,,,,,,,,,,,,,,,,,,
b2435,AGM3PApp,AGM4PApp,,,,,,,,,,,,,,,,,,,,,,,,,,,,,,,,,,,,,,,,
b2436,CPPPGO,,,,,,,,,,,,,,,,,,,,,,,,,,,,,,,,,,,,,,,,,
b2430,MDDCP1pp,MDDCP2pp,MDDCP3pp,MDDCP4pp,MDDCP5pp,,,,,,,,,,,,,,,,,,,,,,,,,,,,,,,,,,,,,
b2431,FCLT,,,,,,,,,,,,,,,,,,,,,,,,,,,,,,,,,,,,,,,,,
b0116;b2903;b2904;b2905,GLYCL,,,,,,,,,,,,,,,,,,,,,,,,,,,,,,,,,,,,,,,,,
b1638,PDX5POi,PYAM5PO,,,,,,,,,,,,,,,,,,,,,,,,,,,,,,,,,,,,,,,,
b1636,PYDXK,,,,,,,,,,,,,,,,,,,,,,,,,,,,,,,,,,,,,,,,,
b3371,FRULYSDG,,,,,,,,,,,,,,,,,,,,,,,,,,,,,,,,,,,,,,,,,
b0693,ORNDC,,,,,,,,,,,,,,,,,,,,,,,,,,,,,,,,,,,,,,,,,
b3583,RBP4E,,,,,,,,,,,,,,,,,,,,,,,,,,,,,,,,,,,,,,,,,
b3582,X5PL3E,,,,,,,,,,,,,,,,,,,,,,,,,,,,,,,,,,,,,,,,,
b3028,NADPHQR2,NADPHQR3,NADPHQR4,,,,,,,,,,,,,,,,,,,,,,,,,,,,,,,,,,,,,,,
b3029,QMO2,QMO3,,,,,,,,,,,,,,,,,,,,,,,,,,,,,,,,,,,,,,,,
b3581,KG6PDC,,,,,,,,,,,,,,,,,,,,,,,,,,,,,,,,,,,,,,,,,
b3629,RHAT1,,,,,,,,,,,,,,,,,,,,,,,,,,,,,,,,,,,,,,,,,
b1394;b1397,OXDHCOAT,,,,,,,,,,,,,,,,,,,,,,,,,,,,,,,,,,,,,,,,,
b1388;b1389;b1390;b1391;b1392,PACCOAE,,,,,,,,,,,,,,,,,,,,,,,,,,,,,,,,,,,,,,,,,
b0333,MCITS,,,,,,,,,,,,,,,,,,,,,,,,,,,,,,,,,,,,,,,,,
b4298,2DDARAA,,,,,,,,,,,,,,,,,,,,,,,,,,,,,,,,,,,,,,,,,
b3590,NTP3,,,,,,,,,,,,,,,,,,,,,,,,,,,,,,,,,,,,,,,,,
b3619,AGMHE,,,,,,,,,,,,,,,,,,,,,,,,,,,,,,,,,,,,,,,,,
b1704,DDPA,,,,,,,,,,,,,,,,,,,,,,,,,,,,,,,,,,,,,,,,,
b2023;b2025,IG3PS,,,,,,,,,,,,,,,,,,,,,,,,,,,,,,,,,,,,,,,,,
b0089;b1069;b3208,MPTG,MPTG2,,,,,,,,,,,,,,,,,,,,,,,,,,,,,,,,,,,,,,,,
b3612,PGM,,,,,,,,,,,,,,,,,,,,,,,,,,,,,,,,,,,,,,,,,
b1679;b1680,SCYSDS,,,,,,,,,,,,,,,,,,,,,,,,,,,,,,,,,,,,,,,,,
b3610,GRXR,,,,,,,,,,,,,,,,,,,,,,,,,,,,,,,,,,,,,,,,,
b3617,GLYAT,,,,,,,,,,,,,,,,,,,,,,,,,,,,,,,,,,,,,,,,,
b0593,ICHORS_copy1,,,,,,,,,,,,,,,,,,,,,,,,,,,,,,,,,,,,,,,,,
b0650,NTP1,,,,,,,,,,,,,,,,,,,,,,,,,,,,,,,,,,,,,,,,,
b3614,CDPPH,NDP3,NDP7,,,,,,,,,,,,,,,,,,,,,,,,,,,,,,,,,,,,,,,
b2373,OXCDC,,,,,,,,,,,,,,,,,,,,,,,,,,,,,,,,,,,,,,,,,
b3589,THRD,,,,,,,,,,,,,,,,,,,,,,,,,,,,,,,,,,,,,,,,,
b0776,AOXSr2,,,,,,,,,,,,,,,,,,,,,,,,,,,,,,,,,,,,,,,,,
b4374,NTD1,NTD2,NTD5,,,,,,,,,,,,,,,,,,,,,,,,,,,,,,,,,,,,,,,
b3621,HEPT1,,,,,,,,,,,,,,,,,,,,,,,,,,,,,,,,,,,,,,,,,
b0508,HPYRI,,,,,,,,,,,,,,,,,,,,,,,,,,,,,,,,,,,,,,,,,
b0092,ALAALAr,,,,,,,,,,,,,,,,,,,,,,,,,,,,,,,,,,,,,,,,,
b3397,ADPRDP,,,,,,,,,,,,,,,,,,,,,,,,,,,,,,,,,,,,,,,,,
b3115,ACKr,PPAKr,,,,,,,,,,,,,,,,,,,,,,,,,,,,,,,,,,,,,,,,
b3117,SERD_L,THRD_L,,,,,,,,,,,,,,,,,,,,,,,,,,,,,,,,,,,,,,,,
b0306;b0307;b0308,L_LACD2,L_LACD3,,,,,,,,,,,,,,,,,,,,,,,,,,,,,,,,,,,,,,,,
b3804,UPP3S,,,,,,,,,,,,,,,,,,,,,,,,,,,,,,,,,,,,,,,,,
b3132;b3137,TGBPA,,,,,,,,,,,,,,,,,,,,,,,,,,,,,,,,,,,,,,,,,
b4382,DURIPP,TMDPP,,,,,,,,,,,,,,,,,,,,,,,,,,,,,,,,,,,,,,,,
b0784;b0785,MPTS,,,,,,,,,,,,,,,,,,,,,,,,,,,,,,,,,,,,,,,,,
b0720,CS,,,,,,,,,,,,,,,,,,,,,,,,,,,,,,,,,,,,,,,,,
b4383,PPM,PPM2,,,,,,,,,,,,,,,,,,,,,,,,,,,,,,,,,,,,,,,,
b3059,APG3PAT120,APG3PAT140,APG3PAT141,APG3PAT160,APG3PAT161,APG3PAT180,APG3PAT181,,,,,,,,,,,,,,,,,,,,,,,,,,,,,,,,,,,
b3058,DHNPA2r,DHNPTE,,,,,,,,,,,,,,,,,,,,,,,,,,,,,,,,,,,,,,,,
b3057,UDCPDP,UDCPDPpp,,,,,,,,,,,,,,,,,,,,,,,,,,,,,,,,,,,,,,,,
b1380,LDH_D,,,,,,,,,,,,,,,,,,,,,,,,,,,,,,,,,,,,,,,,,
b1387,OXCOAHDH,,,,,,,,,,,,,,,,,,,,,,,,,,,,,,,,,,,,,,,,,
b1386,42A12BOOXpp,PEAMNOpp,TYROXDApp,,,,,,,,,,,,,,,,,,,,,,,,,,,,,,,,,,,,,,,
b1385,ALDD19xr,,,,,,,,,,,,,,,,,,,,,,,,,,,,,,,,,,,,,,,,,
b3052,GMHEPAT,GMHEPK,,,,,,,,,,,,,,,,,,,,,,,,,,,,,,,,,,,,,,,,
b4053,ALAR,,,,,,,,,,,,,,,,,,,,,,,,,,,,,,,,,,,,,,,,,
b4054,ASPTA,LEUTAi,PHETA1,TYRTA,,,,,,,,,,,,,,,,,,,,,,,,,,,,,,,,,,,,,,
b4055,G2PPpp,NTD10pp,NTD11pp,NTD12pp,NTD1pp,NTD2pp,NTD3pp,NTD4pp,NTD5pp,NTD6pp,NTD7pp,NTD8pp,NTD9pp,PSP_Lpp,PTHRpp,R5PPpp,TYRPpp,,,,,,,,,,,,,,,,,,,,,,,,,
b3374,FRULYSK,,,,,,,,,,,,,,,,,,,,,,,,,,,,,,,,,,,,,,,,,
b2901,AB6PGH,,,,,,,,,,,,,,,,,,,,,,,,,,,,,,,,,,,,,,,,,
b0578,DHPTDNR,DHPTDNRN,,,,,,,,,,,,,,,,,,,,,,,,,,,,,,,,,,,,,,,,
b0477,GSNK,INSK,,,,,,,,,,,,,,,,,,,,,,,,,,,,,,,,,,,,,,,,
b0474,ADK1,ADK3,ADK4,ADNK1,DADK,NDPK1,NDPK2,NDPK3,NDPK4,NDPK5,NDPK6,NDPK7,NDPK8,,,,,,,,,,,,,,,,,,,,,,,,,,,,,
b2907,OMPHHXy,,,,,,,,,,,,,,,,,,,,,,,,,,,,,,,,,,,,,,,,,
b4119,GALS3,,,,,,,,,,,,,,,,,,,,,,,,,,,,,,,,,,,,,,,,,
b4388,PSP_L,,,,,,,,,,,,,,,,,,,,,,,,,,,,,,,,,,,,,,,,,
b1681;b1682;b1683,S4FE4SR,,,,,,,,,,,,,,,,,,,,,,,,,,,,,,,,,,,,,,,,,
b2019,ATPPRT,,,,,,,,,,,,,,,,,,,,,,,,,,,,,,,,,,,,,,,,,
b2021,HSTPT,,,,,,,,,,,,,,,,,,,,,,,,,,,,,,,,,,,,,,,,,
b1415,GCALDD,LCADi,,,,,,,,,,,,,,,,,,,,,,,,,,,,,,,,,,,,,,,,
b2751;b2752,SADT2,,,,,,,,,,,,,,,,,,,,,,,,,,,,,,,,,,,,,,,,,
b3825,LPLIPAL2A120,LPLIPAL2A140,LPLIPAL2A141,LPLIPAL2A160,LPLIPAL2A161,LPLIPAL2A180,LPLIPAL2A181,LPLIPAL2ATE120,LPLIPAL2ATE140,LPLIPAL2ATE141,LPLIPAL2ATE160,LPLIPAL2ATE161,LPLIPAL2ATE180,LPLIPAL2ATE181,LPLIPAL2ATG120,LPLIPAL2ATG140,LPLIPAL2ATG141,LPLIPAL2ATG160,LPLIPAL2ATG161,LPLIPAL2ATG180,LPLIPAL2ATG181,LPLIPAL2E120,LPLIPAL2E140,LPLIPAL2E141,LPLIPAL2E160,LPLIPAL2E161,LPLIPAL2E180,LPLIPAL2E181,LPLIPAL2G120,LPLIPAL2G140,LPLIPAL2G141,LPLIPAL2G160,LPLIPAL2G161,LPLIPAL2G180,LPLIPAL2G181,,,,,,,
b0243,G5SD,,,,,,,,,,,,,,,,,,,,,,,,,,,,,,,,,,,,,,,,,
b4117,ARGDC,,,,,,,,,,,,,,,,,,,,,,,,,,,,,,,,,,,,,,,,,
b0778,DBTS,,,,,,,,,,,,,,,,,,,,,,,,,,,,,,,,,,,,,,,,,
b0381,ALAALAr,,,,,,,,,,,,,,,,,,,,,,,,,,,,,,,,,,,,,,,,,
b2154,SFGTHi,,,,,,,,,,,,,,,,,,,,,,,,,,,,,,,,,,,,,,,,,
b0475,FCLT,,,,,,,,,,,,,,,,,,,,,,,,,,,,,,,,,,,,,,,,,
b3752,RBK,,,,,,,,,,,,,,,,,,,,,,,,,,,,,,,,,,,,,,,,,
b0099,DNTPPA,NTPP1,NTPP2,,,,,,,,,,,,,,,,,,,,,,,,,,,,,,,,,,,,,,,
b2379,ALATA_L,,,,,,,,,,,,,,,,,,,,,,,,,,,,,,,,,,,,,,,,,
b2378,EDTXS3,,,,,,,,,,,,,,,,,,,,,,,,,,,,,,,,,,,,,,,,,
b0133,PANTS,,,,,,,,,,,,,,,,,,,,,,,,,,,,,,,,,,,,,,,,,
b0154,G1SAT,,,,,,,,,,,,,,,,,,,,,,,,,,,,,,,,,,,,,,,,,
b0159,5DOAN,AHCYSNS,MTAN,,,,,,,,,,,,,,,,,,,,,,,,,,,,,,,,,,,,,,,
b0091,UAMAS,,,,,,,,,,,,,,,,,,,,,,,,,,,,,,,,,,,,,,,,,
b2371,ACOXT,,,,,,,,,,,,,,,,,,,,,,,,,,,,,,,,,,,,,,,,,
b1746,SGSAD,,,,,,,,,,,,,,,,,,,,,,,,,,,,,,,,,,,,,,,,,
b2407,PUNP3,PUNP4,PUNP5,PUNP6,PUNP7,,,,,,,,,,,,,,,,,,,,,,,,,,,,,,,,,,,,,
b0096,UHGADA,,,,,,,,,,,,,,,,,,,,,,,,,,,,,,,,,,,,,,,,,
b2374,FORCT,,,,,,,,,,,,,,,,,,,,,,,,,,,,,,,,,,,,,,,,,
b2153,GTPCI,,,,,,,,,,,,,,,,,,,,,,,,,,,,,,,,,,,,,,,,,
b2877,MOCDS,,,,,,,,,,,,,,,,,,,,,,,,,,,,,,,,,,,,,,,,,
b2871,DAPAL,,,,,,,,,,,,,,,,,,,,,,,,,,,,,,,,,,,,,,,,,
b2873,PHDA,,,,,,,,,,,,,,,,,,,,,,,,,,,,,,,,,,,,,,,,,
b1812;b3360,ADCS,,,,,,,,,,,,,,,,,,,,,,,,,,,,,,,,,,,,,,,,,
b2010,MDDCP1pp,MDDCP2pp,MDDCP3pp,MDDCP4pp,MDDCP5pp,,,,,,,,,,,,,,,,,,,,,,,,,,,,,,,,,,,,,
b2400,GLUTRS,,,,,,,,,,,,,,,,,,,,,,,,,,,,,,,,,,,,,,,,,
b4025,PGI,,,,,,,,,,,,,,,,,,,,,,,,,,,,,,,,,,,,,,,,,
b4024,ASPK,,,,,,,,,,,,,,,,,,,,,,,,,,,,,,,,,,,,,,,,,
b0074,IPPS,,,,,,,,,,,,,,,,,,,,,,,,,,,,,,,,,,,,,,,,,
b3870,GLNS,,,,,,,,,,,,,,,,,,,,,,,,,,,,,,,,,,,,,,,,,
b0073,IPMD,,,,,,,,,,,,,,,,,,,,,,,,,,,,,,,,,,,,,,,,,
b1014,P5CD,PROD3,,,,,,,,,,,,,,,,,,,,,,,,,,,,,,,,,,,,,,,,
b2976,MALS,,,,,,,,,,,,,,,,,,,,,,,,,,,,,,,,,,,,,,,,,
b3974,PNTK,,,,,,,,,,,,,,,,,,,,,,,,,,,,,,,,,,,,,,,,,
b0376,MDDCP1pp,MDDCP2pp,MDDCP3pp,MDDCP4pp,MDDCP5pp,MDDEP1pp,MDDEP2pp,MDDEP3pp,MDDEP4pp,,,,,,,,,,,,,,,,,,,,,,,,,,,,,,,,,
b0684;b3924;b4237;b4238,RNTR1c2,RNTR2c2,RNTR3c2,RNTR4c2,,,,,,,,,,,,,,,,,,,,,,,,,,,,,,,,,,,,,,
b2918,NTP3,,,,,,,,,,,,,,,,,,,,,,,,,,,,,,,,,,,,,,,,,
b2027;b2035,O16AP1pp,O16AP2pp,O16AP3pp,,,,,,,,,,,,,,,,,,,,,,,,,,,,,,,,,,,,,,,
b2478,DHDPS,,,,,,,,,,,,,,,,,,,,,,,,,,,,,,,,,,,,,,,,,
b3475,ACPS1,,,,,,,,,,,,,,,,,,,,,,,,,,,,,,,,,,,,,,,,,
b0902;b0903,OBTFL,PFL,,,,,,,,,,,,,,,,,,,,,,,,,,,,,,,,,,,,,,,,
b2574,ASPO3,ASPO4,ASPO5,ASPO6,,,,,,,,,,,,,,,,,,,,,,,,,,,,,,,,,,,,,,
b0383,3NTD2pp,3NTD4pp,3NTD4pp,3NTD7pp,3NTD9pp,ACP1p,G1PPpp,G2PPpp,NTD2pp,NTD4pp,NTD7pp,NTD9pp,PPTHpp,PSP_Lpp,PTHRpp,R5PPpp,,,,,,,,,,,,,,,,,,,,,,,,,,
b2472,SDPDS,,,,,,,,,,,,,,,,,,,,,,,,,,,,,,,,,,,,,,,,,
b2028,UDPGD,,,,,,,,,,,,,,,,,,,,,,,,,,,,,,,,,,,,,,,,,
b0388,SHKK,,,,,,,,,,,,,,,,,,,,,,,,,,,,,,,,,,,,,,,,,
b2476,PRASCSi,,,,,,,,,,,,,,,,,,,,,,,,,,,,,,,,,,,,,,,,,
b2411,NADDP,,,,,,,,,,,,,,,,,,,,,,,,,,,,,,,,,,,,,,,,,
b3433,ASAD,,,,,,,,,,,,,,,,,,,,,,,,,,,,,,,,,,,,,,,,,
b2705,SBTPD,,,,,,,,,,,,,,,,,,,,,,,,,,,,,,,,,,,,,,,,,
b2700,NMNDA,,,,,,,,,,,,,,,,,,,,,,,,,,,,,,,,,,,,,,,,,
b2701,MLTGY1pp,MLTGY2pp,MLTGY3pp,MLTGY4pp,,,,,,,,,,,,,,,,,,,,,,,,,,,,,,,,,,,,,,
b3960,ARGSL,,,,,,,,,,,,,,,,,,,,,,,,,,,,,,,,,,,,,,,,,
b2708,A5PISO,,,,,,,,,,,,,,,,,,,,,,,,,,,,,,,,,,,,,,,,,
b3972,UAPGR,,,,,,,,,,,,,,,,,,,,,,,,,,,,,,,,,,,,,,,,,
b0207,ALR2,DKGLCNR1,,,,,,,,,,,,,,,,,,,,,,,,,,,,,,,,,,,,,,,,
b3430,GLGC,,,,,,,,,,,,,,,,,,,,,,,,,,,,,,,,,,,,,,,,,
b0200,GMHEPPA,,,,,,,,,,,,,,,,,,,,,,,,,,,,,,,,,,,,,,,,,
b0344,LACZ,,,,,,,,,,,,,,,,,,,,,,,,,,,,,,,,,,,,,,,,,
b2498,UPPRT,,,,,,,,,,,,,,,,,,,,,,,,,,,,,,,,,,,,,,,,,
b2499,PRAIS,,,,,,,,,,,,,,,,,,,,,,,,,,,,,,,,,,,,,,,,,
b2889,IPDDI,,,,,,,,,,,,,,,,,,,,,,,,,,,,,,,,,,,,,,,,,
b2538;b2539;b2540;b2542,CINNDO,PPPNDO,,,,,,,,,,,,,,,,,,,,,,,,,,,,,,,,,,,,,,,,
b1854,PYK,PYK2,PYK3,PYK4,PYK6,,,,,,,,,,,,,,,,,,,,,,,,,,,,,,,,,,,,,
b0639,NMNAT,NNATr,,,,,,,,,,,,,,,,,,,,,,,,,,,,,,,,,,,,,,,,
b2883,GUAD,,,,,,,,,,,,,,,,,,,,,,,,,,,,,,,,,,,,,,,,,
b0347,3HCINNMH,3HPPPNH,,,,,,,,,,,,,,,,,,,,,,,,,,,,,,,,,,,,,,,,
b1008,MSAR,,,,,,,,,,,,,,,,,,,,,,,,,,,,,,,,,,,,,,,,,
b0348,DHCINDO,HPPPNDO,,,,,,,,,,,,,,,,,,,,,,,,,,,,,,,,,,,,,,,,
b2799,LCARS,,,,,,,,,,,,,,,,,,,,,,,,,,,,,,,,,,,,,,,,,
b2794,CDGR,,,,,,,,,,,,,,,,,,,,,,,,,,,,,,,,,,,,,,,,,
b1002,G1PPpp,GAL1PPpp,,,,,,,,,,,,,,,,,,,,,,,,,,,,,,,,,,,,,,,,
b1004,NADH10,NADH5,NADH9,,,,,,,,,,,,,,,,,,,,,,,,,,,,,,,,,,,,,,,
b2582;b4136,DSBDR,,,,,,,,,,,,,,,,,,,,,,,,,,,,,,,,,,,,,,,,,
b4239,TRE6PH,,,,,,,,,,,,,,,,,,,,,,,,,,,,,,,,,,,,,,,,,
b0759,UDPG4E,,,,,,,,,,,,,,,,,,,,,,,,,,,,,,,,,,,,,,,,,
b0758,UGLT,,,,,,,,,,,,,,,,,,,,,,,,,,,,,,,,,,,,,,,,,
b3962,NADTRHD,,,,,,,,,,,,,,,,,,,,,,,,,,,,,,,,,,,,,,,,,
b1832;b2582,METSOXR2,,,,,,,,,,,,,,,,,,,,,,,,,,,,,,,,,,,,,,,,,
b1210,GLUTRR,,,,,,,,,,,,,,,,,,,,,,,,,,,,,,,,,,,,,,,,,
b4232,FBP,,,,,,,,,,,,,,,,,,,,,,,,,,,,,,,,,,,,,,,,,
b0750,QULNS,,,,,,,,,,,,,,,,,,,,,,,,,,,,,,,,,,,,,,,,,
b1215,KDOPS,,,,,,,,,,,,,,,,,,,,,,,,,,,,,,,,,,,,,,,,,
b0756,GALM2pp,,,,,,,,,,,,,,,,,,,,,,,,,,,,,,,,,,,,,,,,,
b3091,ALTRH,,,,,,,,,,,,,,,,,,,,,,,,,,,,,,,,,,,,,,,,,
b0754,DDPA,,,,,,,,,,,,,,,,,,,,,,,,,,,,,,,,,,,,,,,,,
b1189,DAAD,,,,,,,,,,,,,,,,,,,,,,,,,,,,,,,,,,,,,,,,,
b1602;b1603,THD2pp,,,,,,,,,,,,,,,,,,,,,,,,,,,,,,,,,,,,,,,,,
b0089;b1069;b3396,MPTG,MPTG2,,,,,,,,,,,,,,,,,,,,,,,,,,,,,,,,,,,,,,,,
b3011,13PPDH2,ALDD2y,ALDD3y,,,,,,,,,,,,,,,,,,,,,,,,,,,,,,,,,,,,,,,
b0186,LYSDC,,,,,,,,,,,,,,,,,,,,,,,,,,,,,,,,,,,,,,,,,
b3012,ALR2,DKGLCNR1,,,,,,,,,,,,,,,,,,,,,,,,,,,,,,,,,,,,,,,,
b2762;b3781,PAPSR,,,,,,,,,,,,,,,,,,,,,,,,,,,,,,,,,,,,,,,,,
b2480;b2582,THIORDXi,,,,,,,,,,,,,,,,,,,,,,,,,,,,,,,,,,,,,,,,,
b3018,AGPAT120,AGPAT140,AGPAT141,AGPAT160,AGPAT161,AGPAT180,AGPAT181,,,,,,,,,,,,,,,,,,,,,,,,,,,,,,,,,,,
b2762;b3610,PAPSR2,,,,,,,,,,,,,,,,,,,,,,,,,,,,,,,,,,,,,,,,,
b1852,G6PDH2r,,,,,,,,,,,,,,,,,,,,,,,,,,,,,,,,,,,,,,,,,
b1851,EDD,,,,,,,,,,,,,,,,,,,,,,,,,,,,,,,,,,,,,,,,,
b1919,CYSDDS,,,,,,,,,,,,,,,,,,,,,,,,,,,,,,,,,,,,,,,,,
b1856,MDDEP1pp,MDDEP2pp,MDDEP3pp,MDDEP4pp,,,,,,,,,,,,,,,,,,,,,,,,,,,,,,,,,,,,,,
b1855,EDTXS2,EDTXS4,,,,,,,,,,,,,,,,,,,,,,,,,,,,,,,,,,,,,,,,
b1678,MCTP1Bpp,MLDCP1App,MLDCP1Bpp,MLDCP2App,MLDCP2Bpp,MLDCP3App,,,,,,,,,,,,,,,,,,,,,,,,,,,,,,,,,,,,
b1912,PGSA120,PGSA140,PGSA141,PGSA160,PGSA161,PGSA180,PGSA181,,,,,,,,,,,,,,,,,,,,,,,,,,,,,,,,,,,
b1676,PYK,,,,,,,,,,,,,,,,,,,,,,,,,,,,,,,,,,,,,,,,,
b3945,ALR4x,APPLDHr,GLYCDx,LALDO2x,,,,,,,,,,,,,,,,,,,,,,,,,,,,,,,,,,,,,,
b1325,ALAGLUE,,,,,,,,,,,,,,,,,,,,,,,,,,,,,,,,,,,,,,,,,
b3729,GF6PTA,,,,,,,,,,,,,,,,,,,,,,,,,,,,,,,,,,,,,,,,,
b1326,LADGMDH,,,,,,,,,,,,,,,,,,,,,,,,,,,,,,,,,,,,,,,,,
b2029,GND,,,,,,,,,,,,,,,,,,,,,,,,,,,,,,,,,,,,,,,,,
b4070;b4071;b4072;b4073,NTRIR3pp,NTRIR4pp,,,,,,,,,,,,,,,,,,,,,,,,,,,,,,,,,,,,,,,,
b0109,NNDPR,,,,,,,,,,,,,,,,,,,,,,,,,,,,,,,,,,,,,,,,,
b3721,AB6PGH,BGLA1,,,,,,,,,,,,,,,,,,,,,,,,,,,,,,,,,,,,,,,,
b0485,GLUN,,,,,,,,,,,,,,,,,,,,,,,,,,,,,,,,,,,,,,,,,
b0103,DPCOAK,,,,,,,,,,,,,,,,,,,,,,,,,,,,,,,,,,,,,,,,,
b2047,UDPGPT,,,,,,,,,,,,,,,,,,,,,,,,,,,,,,,,,,,,,,,,,
b3236,MDH,,,,,,,,,,,,,,,,,,,,,,,,,,,,,,,,,,,,,,,,,
b1695,ACOAD1fr,,,,,,,,,,,,,,,,,,,,,,,,,,,,,,,,,,,,,,,,,
b1694,ACACCT,,,,,,,,,,,,,,,,,,,,,,,,,,,,,,,,,,,,,,,,,
b1759,NTPP3,NTPP4,,,,,,,,,,,,,,,,,,,,,,,,,,,,,,,,,,,,,,,,
b1693,DHQTi,,,,,,,,,,,,,,,,,,,,,,,,,,,,,,,,,,,,,,,,,
b1692,QUINDH,QUINDHyi,SHK3Dr,,,,,,,,,,,,,,,,,,,,,,,,,,,,,,,,,,,,,,,
b4245,ASPCT,,,,,,,,,,,,,,,,,,,,,,,,,,,,,,,,,,,,,,,,,
b3365;b3366,NTRIR2x,,,,,,,,,,,,,,,,,,,,,,,,,,,,,,,,,,,,,,,,,
b0116;b0726;b0727,AKGDH,,,,,,,,,,,,,,,,,,,,,,,,,,,,,,,,,,,,,,,,,
b4042,DAGK120,DAGK140,DAGK141,DAGK160,DAGK161,DAGK180,DAGK181,,,,,,,,,,,,,,,,,,,,,,,,,,,,,,,,,,,
b0583,ENTCS,,,,,,,,,,,,,,,,,,,,,,,,,,,,,,,,,,,,,,,,,
b0586,SERASr,,,,,,,,,,,,,,,,,,,,,,,,,,,,,,,,,,,,,,,,,
b0507,GLXCL,,,,,,,,,,,,,,,,,,,,,,,,,,,,,,,,,,,,,,,,,
b0025,FMNAT,RBFK,,,,,,,,,,,,,,,,,,,,,,,,,,,,,,,,,,,,,,,,
b4040,HBZOPT,,,,,,,,,,,,,,,,,,,,,,,,,,,,,,,,,,,,,,,,,
b0386,P5CR,,,,,,,,,,,,,,,,,,,,,,,,,,,,,,,,,,,,,,,,,
b0613,TPRDCOAS,,,,,,,,,,,,,,,,,,,,,,,,,,,,,,,,,,,,,,,,,
b3551,BSORx,BSORy,,,,,,,,,,,,,,,,,,,,,,,,,,,,,,,,,,,,,,,,
b3553,2DGULRGx,2DGULRGy,2DGULRx,2DGULRy,DKGLCNR2x,DKGLCNR2y,GLYCLTDx,GLYCLTDy,HPYRRx,HPYRRy,,,,,,,,,,,,,,,,,,,,,,,,,,,,,,,,
b3125,TRSARr,,,,,,,,,,,,,,,,,,,,,,,,,,,,,,,,,,,,,,,,,
b3124,GLYCK2,,,,,,,,,,,,,,,,,,,,,,,,,,,,,,,,,,,,,,,,,
b3805,HMBS,,,,,,,,,,,,,,,,,,,,,,,,,,,,,,,,,,,,,,,,,
b1449,CURR,DHCURR,,,,,,,,,,,,,,,,,,,,,,,,,,,,,,,,,,,,,,,,
b2168,FRUK,,,,,,,,,,,,,,,,,,,,,,,,,,,,,,,,,,,,,,,,,
b1654,GRXR,,,,,,,,,,,,,,,,,,,,,,,,,,,,,,,,,,,,,,,,,
b2687,RHCCE,,,,,,,,,,,,,,,,,,,,,,,,,,,,,,,,,,,,,,,,,
b2930,FBP,,,,,,,,,,,,,,,,,,,,,,,,,,,,,,,,,,,,,,,,,
b3368,SHCHD2,SHCHF,UPP3MT,,,,,,,,,,,,,,,,,,,,,,,,,,,,,,,,,,,,,,,
b2935,TKT1,TKT2,,,,,,,,,,,,,,,,,,,,,,,,,,,,,,,,,,,,,,,,
b3429,GLCS1,,,,,,,,,,,,,,,,,,,,,,,,,,,,,,,,,,,,,,,,,
b2937,AGMT,,,,,,,,,,,,,,,,,,,,,,,,,,,,,,,,,,,,,,,,,
b0404,FA100ACPHi,FA120ACPHi,FA140ACPHi,FA141ACPHi,FA160ACPHi,FA161ACPHi,FA80ACPHi,,,,,,,,,,,,,,,,,,,,,,,,,,,,,,,,,,,
b3425,CYANST,,,,,,,,,,,,,,,,,,,,,,,,,,,,,,,,,,,,,,,,,
b2296,ACKr,,,,,,,,,,,,,,,,,,,,,,,,,,,,,,,,,,,,,,,,,
b2276;b2277;b2278;b2279;b2280;b2281;b2282;b2283;b2284;b2285;b2286;b2287;b2288,NADH16pp,NADH17pp,NADH18pp,,,,,,,,,,,,,,,,,,,,,,,,,,,,,,,,,,,,,,,
b2290,ALATA_L,,,,,,,,,,,,,,,,,,,,,,,,,,,,,,,,,,,,,,,,,
b2523,AMPTASECG,AMPTASEPG,,,,,,,,,,,,,,,,,,,,,,,,,,,,,,,,,,,,,,,,
b2836,2AGPEAT120,2AGPEAT140,2AGPEAT141,2AGPEAT160,2AGPEAT161,2AGPEAT180,2AGPEAT181,2AGPGAT120,2AGPGAT140,2AGPGAT141,2AGPGAT160,2AGPGAT161,2AGPGAT180,2AGPGAT181,,,,,,,,,,,,,,,,,,,,,,,,,,,,
b2293,2DOXG6PP,E4PP,F1PP,F6PP,G1PP,G6PP,R5PP,RU5PP,,,,,,,,,,,,,,,,,,,,,,,,,,,,,,,,,,
b4069,ACCOAL,ACS,,,,,,,,,,,,,,,,,,,,,,,,,,,,,,,,,,,,,,,,
b0038,CRNBTCT,CRNCBCT,,,,,,,,,,,,,,,,,,,,,,,,,,,,,,,,,,,,,,,,
b0822,E4PP,F1PP,F6PP,G3PT,G6PP,MN6PP,R5PP,,,,,,,,,,,,,,,,,,,,,,,,,,,,,,,,,,,
b1525,SSALx,SSALy,,,,,,,,,,,,,,,,,,,,,,,,,,,,,,,,,,,,,,,,
b1524,GLUN,,,,,,,,,,,,,,,,,,,,,,,,,,,,,,,,,,,,,,,,,
b0030,ADNUC,CYTDH,INSH,URIH,XTSNH,,,,,,,,,,,,,,,,,,,,,,,,,,,,,,,,,,,,,
b0031,DHDPRy,,,,,,,,,,,,,,,,,,,,,,,,,,,,,,,,,,,,,,,,,
b0036,CRNCAR,CRNCDH,,,,,,,,,,,,,,,,,,,,,,,,,,,,,,,,,,,,,,,,
b0037,CRNCAL2,CRNDCAL2,CTBTCAL2,,,,,,,,,,,,,,,,,,,,,,,,,,,,,,,,,,,,,,,
b0090,UAGPT3,,,,,,,,,,,,,,,,,,,,,,,,,,,,,,,,,,,,,,,,,
b0505,UGLYCH,,,,,,,,,,,,,,,,,,,,,,,,,,,,,,,,,,,,,,,,,
b2895;b4238,RNTR1c2,RNTR2c2,RNTR3c2,RNTR4c2,,,,,,,,,,,,,,,,,,,,,,,,,,,,,,,,,,,,,,
b1091;b1094,ACOATA,,,,,,,,,,,,,,,,,,,,,,,,,,,,,,,,,,,,,,,,,
b0181;b1094,UAGAAT,,,,,,,,,,,,,,,,,,,,,,,,,,,,,,,,,,,,,,,,,
b3882,3SLAR,GHBDHx,,,,,,,,,,,,,,,,,,,,,,,,,,,,,,,,,,,,,,,,
b4095,RPNTPH,,,,,,,,,,,,,,,,,,,,,,,,,,,,,,,,,,,,,,,,,
b0084;b0635;b3396,MCTP1App,MCTP2App,,,,,,,,,,,,,,,,,,,,,,,,,,,,,,,,,,,,,,,,
b3881,6D6SPA,,,,,,,,,,,,,,,,,,,,,,,,,,,,,,,,,,,,,,,,,
b0928,ASPTA,CYSTA,PHETA1,TYRTA,,,,,,,,,,,,,,,,,,,,,,,,,,,,,,,,,,,,,,
b4092,PRCPD,,,,,,,,,,,,,,,,,,,,,,,,,,,,,,,,,,,,,,,,,
b3885,G1PP,,,,,,,,,,,,,,,,,,,,,,,,,,,,,,,,,,,,,,,,,
b0925,MCTP1Bpp,MLDCP1App,MLDCP1Bpp,MLDCP2App,MLDCP2Bpp,MLDCP3App,,,,,,,,,,,,,,,,,,,,,,,,,,,,,,,,,,,,
b4098,CPL,,,,,,,,,,,,,,,,,,,,,,,,,,,,,,,,,,,,,,,,,
b1094;b4041,G3PAT120,G3PAT140,G3PAT141,G3PAT160,G3PAT161,G3PAT180,G3PAT181,,,,,,,,,,,,,,,,,,,,,,,,,,,,,,,,,,,
b2066,CYTDK1,CYTDK2,URIK1,URIK2,,,,,,,,,,,,,,,,,,,,,,,,,,,,,,,,,,,,,,
b2065,DCTPD,,,,,,,,,,,,,,,,,,,,,,,,,,,,,,,,,,,,,,,,,
b2746,MECDPS,,,,,,,,,,,,,,,,,,,,,,,,,,,,,,,,,,,,,,,,,
b2747,MEPCT,,,,,,,,,,,,,,,,,,,,,,,,,,,,,,,,,,,,,,,,,
b2744,NTD1,NTD10,NTD11,NTD12,NTD2,NTD3,NTD4,NTD5,NTD6,NTD7,NTD8,NTD9,PPA,PPA2,,,,,,,,,,,,,,,,,,,,,,,,,,,,
b3903,LYXI,RMI,,,,,,,,,,,,,,,,,,,,,,,,,,,,,,,,,,,,,,,,
b3902,RMPA,,,,,,,,,,,,,,,,,,,,,,,,,,,,,,,,,,,,,,,,,
b0684;b3924,FLDR2,,,,,,,,,,,,,,,,,,,,,,,,,,,,,,,,,,,,,,,,,
b0325,LCARSyi,PPDOy,,,,,,,,,,,,,,,,,,,,,,,,,,,,,,,,,,,,,,,,
b3904,RMK,,,,,,,,,,,,,,,,,,,,,,,,,,,,,,,,,,,,,,,,,
b2599,CHORM,PPNDH,,,,,,,,,,,,,,,,,,,,,,,,,,,,,,,,,,,,,,,,
b0242,GLU5K,,,,,,,,,,,,,,,,,,,,,,,,,,,,,,,,,,,,,,,,,
b2843,KDUI,,,,,,,,,,,,,,,,,,,,,,,,,,,,,,,,,,,,,,,,,
b2842,5DKGR,,,,,,,,,,,,,,,,,,,,,,,,,,,,,,,,,,,,,,,,,
b3061;b3062,TARTD,,,,,,,,,,,,,,,,,,,,,,,,,,,,,,,,,,,,,,,,,
b2838,DAPDC,,,,,,,,,,,,,,,,,,,,,,,,,,,,,,,,,,,,,,,,,
b1679;b1680;b1681;b1682;b1683,S2FE2SR,S2FE2SS,S2FE2SS2,,,,,,,,,,,,,,,,,,,,,,,,,,,,,,,,,,,,,,,
b1198;b1199;b1200;b2415;b2416,DHAPT,,,,,,,,,,,,,,,,,,,,,,,,,,,,,,,,,,,,,,,,,
b3565,XYLI1,XYLI2,,,,,,,,,,,,,,,,,,,,,,,,,,,,,,,,,,,,,,,,
b1654;b2762,PAPSR2,,,,,,,,,,,,,,,,,,,,,,,,,,,,,,,,,,,,,,,,,
b2521,CYANST,MCPST,,,,,,,,,,,,,,,,,,,,,,,,,,,,,,,,,,,,,,,,
b0089;b1069;b2519,MPTG,MPTG2,,,,,,,,,,,,,,,,,,,,,,,,,,,,,,,,,,,,,,,,
b2261,SUCBZS,,,,,,,,,,,,,,,,,,,,,,,,,,,,,,,,,,,,,,,,,
b2947,GTHS,,,,,,,,,,,,,,,,,,,,,,,,,,,,,,,,,,,,,,,,,
b2260,SUCBZL,,,,,,,,,,,,,,,,,,,,,,,,,,,,,,,,,,,,,,,,,
b0515,UGCIAMH,,,,,,,,,,,,,,,,,,,,,,,,,,,,,,,,,,,,,,,,,
b2239,GPDDA1pp,GPDDA2pp,GPDDA3pp,GPDDA4pp,GPDDA5pp,,,,,,,,,,,,,,,,,,,,,,,,,,,,,,,,,,,,,
b2582;b2762,PAPSR,,,,,,,,,,,,,,,,,,,,,,,,,,,,,,,,,,,,,,,,,
b0517,URDGLYCD,,,,,,,,,,,,,,,,,,,,,,,,,,,,,,,,,,,,,,,,,
b2134,MDDEP1pp,MDDEP2pp,MDDEP3pp,MDDEP4pp,,,,,,,,,,,,,,,,,,,,,,,,,,,,,,,,,,,,,,
b2515;b2895,MECDPDH5,,,,,,,,,,,,,,,,,,,,,,,,,,,,,,,,,,,,,,,,,
b3390,SHKK,,,,,,,,,,,,,,,,,,,,,,,,,,,,,,,,,,,,,,,,,
b2528;b2529,I2FE2ST,I4FE4ST,,,,,,,,,,,,,,,,,,,,,,,,,,,,,,,,,,,,,,,,
b0819,MLDCP1App,MLDCP1Bpp,MLDCP2App,MLDCP2Bpp,MLDCP3App,,,,,,,,,,,,,,,,,,,,,,,,,,,,,,,,,,,,,
b1814,SERD_L,,,,,,,,,,,,,,,,,,,,,,,,,,,,,,,,,,,,,,,,,
b1813,HPYRP,,,,,,,,,,,,,,,,,,,,,,,,,,,,,,,,,,,,,,,,,
b0688,PGMT,,,,,,,,,,,,,,,,,,,,,,,,,,,,,,,,,,,,,,,,,
b3878,SQGH,,,,,,,,,,,,,,,,,,,,,,,,,,,,,,,,,,,,,,,,,
b0888;b3781,TRDR,,,,,,,,,,,,,,,,,,,,,,,,,,,,,,,,,,,,,,,,,
b1033,GLYCLTDx,GLYCLTDy,HPYRRx,HPYRRy,,,,,,,,,,,,,,,,,,,,,,,,,,,,,,,,,,,,,,
b1982,AMPN,,,,,,,,,,,,,,,,,,,,,,,,,,,,,,,,,,,,,,,,,
b3883,6D6SFK,,,,,,,,,,,,,,,,,,,,,,,,,,,,,,,,,,,,,,,,,
b1131,ADSL1r,ADSL2r,,,,,,,,,,,,,,,,,,,,,,,,,,,,,,,,,,,,,,,,
b1134,2MAHMP,NDP3,TDP,,,,,,,,,,,,,,,,,,,,,,,,,,,,,,,,,,,,,,,
b1136,ICDHyr,,,,,,,,,,,,,,,,,,,,,,,,,,,,,,,,,,,,,,,,,
b1710,GTHPi,THIORDXi,,,,,,,,,,,,,,,,,,,,,,,,,,,,,,,,,,,,,,,,
b1241,ACALD,ALCD19,ALCD2x,,,,,,,,,,,,,,,,,,,,,,,,,,,,,,,,,,,,,,,
b4209,FESR,,,,,,,,,,,,,,,,,,,,,,,,,,,,,,,,,,,,,,,,,
b3564,DXYLK,XYLK,,,,,,,,,,,,,,,,,,,,,,,,,,,,,,,,,,,,,,,,
b1490,DGUNC,,,,,,,,,,,,,,,,,,,,,,,,,,,,,,,,,,,,,,,,,
b1249,CLPNS120pp,CLPNS140pp,CLPNS141pp,CLPNS160pp,CLPNS161pp,CLPNS180pp,CLPNS181pp,,,,,,,,,,,,,,,,,,,,,,,,,,,,,,,,,,,
b3997,UPPDC1,,,,,,,,,,,,,,,,,,,,,,,,,,,,,,,,,,,,,,,,,
b3639,PPCDC,PPNCL2,,,,,,,,,,,,,,,,,,,,,,,,,,,,,,,,,,,,,,,,
b3447,GTHRDHpp,,,,,,,,,,,,,,,,,,,,,,,,,,,,,,,,,,,,,,,,,
b1394,REPHACCOAI,,,,,,,,,,,,,,,,,,,,,,,,,,,,,,,,,,,,,,,,,
b1395,HADPCOADH3,,,,,,,,,,,,,,,,,,,,,,,,,,,,,,,,,,,,,,,,,
b1396,HPACOAT,PACOAT,,,,,,,,,,,,,,,,,,,,,,,,,,,,,,,,,,,,,,,,
b1397,3OXCOAT,,,,,,,,,,,,,,,,,,,,,,,,,,,,,,,,,,,,,,,,,
b1393,DHACOAH,,,,,,,,,,,,,,,,,,,,,,,,,,,,,,,,,,,,,,,,,
b3281,SHK3Dr,,,,,,,,,,,,,,,,,,,,,,,,,,,,,,,,,,,,,,,,,
b1398,PACCOAL,,,,,,,,,,,,,,,,,,,,,,,,,,,,,,,,,,,,,,,,,
b3519,TREH,,,,,,,,,,,,,,,,,,,,,,,,,,,,,,,,,,,,,,,,,
b1448,METNA,,,,,,,,,,,,,,,,,,,,,,,,,,,,,,,,,,,,,,,,,
b1622,CYSTL,,,,,,,,,,,,,,,,,,,,,,,,,,,,,,,,,,,,,,,,,
b1623,ADA,DADA,,,,,,,,,,,,,,,,,,,,,,,,,,,,,,,,,,,,,,,,
b0867,AGM3PApp,AGM4PApp,,,,,,,,,,,,,,,,,,,,,,,,,,,,,,,,,,,,,,,,
b3189,UAGCVT,,,,,,,,,,,,,,,,,,,,,,,,,,,,,,,,,,,,,,,,,
b1781,ALR2,,,,,,,,,,,,,,,,,,,,,,,,,,,,,,,,,,,,,,,,,
b3041,DB4PS,,,,,,,,,,,,,,,,,,,,,,,,,,,,,,,,,,,,,,,,,
b2675;b2676;b3610,RNDR1b,RNDR2b,RNDR3b,RNDR4b,,,,,,,,,,,,,,,,,,,,,,,,,,,,,,,,,,,,,,
b1519,ACONMT,,,,,,,,,,,,,,,,,,,,,,,,,,,,,,,,,,,,,,,,,
b2234;b2235;b2582,RNDR1,RNDR2,RNDR3,RNDR4,,,,,,,,,,,,,,,,,,,,,,,,,,,,,,,,,,,,,,
b3744,ASNS2,,,,,,,,,,,,,,,,,,,,,,,,,,,,,,,,,,,,,,,,,
b3991,TYRL,,,,,,,,,,,,,,,,,,,,,,,,,,,,,,,,,,,,,,,,,
b1767,ASNN,,,,,,,,,,,,,,,,,,,,,,,,,,,,,,,,,,,,,,,,,
b1761,GLUDy,,,,,,,,,,,,,,,,,,,,,,,,,,,,,,,,,,,,,,,,,
b0728;b0729,SUCOAS,,,,,,,,,,,,,,,,,,,,,,,,,,,,,,,,,,,,,,,,,
b3385,PGLYCP,,,,,,,,,,,,,,,,,,,,,,,,,,,,,,,,,,,,,,,,,
b2895;b3924;b4237;b4238,RNTR1c2,RNTR2c2,RNTR3c2,RNTR4c2,,,,,,,,,,,,,,,,,,,,,,,,,,,,,,,,,,,,,,
b1400,2HPTCOAT,,,,,,,,,,,,,,,,,,,,,,,,,,,,,,,,,,,,,,,,,
b1768,NNAM,,,,,,,,,,,,,,,,,,,,,,,,,,,,,,,,,,,,,,,,,
b2366,SERD_D,,,,,,,,,,,,,,,,,,,,,,,,,,,,,,,,,,,,,,,,,
b3856;b3857,BMOGDS1,BMOGDS2,BWCOGDS1,BWCOGDS2,MOGDS,,,,,,,,,,,,,,,,,,,,,,,,,,,,,,,,,,,,,
b2361,NTD1,NTD12,NTD3,NTD5,NTD6,NTD7,NTD8,NTD9,,,,,,,,,,,,,,,,,,,,,,,,,,,,,,,,,,
b0968,APH120,APH140,APH141,APH160,APH161,APH180,APH181,,,,,,,,,,,,,,,,,,,,,,,,,,,,,,,,,,,
b2245,LKDRA,,,,,,,,,,,,,,,,,,,,,,,,,,,,,,,,,,,,,,,,,
b0996;b0997,TMAOR1pp,TMAOR2pp,,,,,,,,,,,,,,,,,,,,,,,,,,,,,,,,,,,,,,,,
b3833,AMMQLT8,OMBZLM,,,,,,,,,,,,,,,,,,,,,,,,,,,,,,,,,,,,,,,,
b4297,DXYLTD,,,,,,,,,,,,,,,,,,,,,,,,,,,,,,,,,,,,,,,,,
b0142,HPPK2,,,,,,,,,,,,,,,,,,,,,,,,,,,,,,,,,,,,,,,,,
b3605,L_LACD2,L_LACD3,,,,,,,,,,,,,,,,,,,,,,,,,,,,,,,,,,,,,,,,
b4192,ASCBPL,,,,,,,,,,,,,,,,,,,,,,,,,,,,,,,,,,,,,,,,,
b3600,M1PD,,,,,,,,,,,,,,,,,,,,,,,,,,,,,,,,,,,,,,,,,
b4197,X5PL3E,,,,,,,,,,,,,,,,,,,,,,,,,,,,,,,,,,,,,,,,,
b3212;b3213,GLUDy,GLUSy,,,,,,,,,,,,,,,,,,,,,,,,,,,,,,,,,,,,,,,,
b0331,MCITL2,,,,,,,,,,,,,,,,,,,,,,,,,,,,,,,,,,,,,,,,,
b1488,ALAALAD,,,,,,,,,,,,,,,,,,,,,,,,,,,,,,,,,,,,,,,,,
b0945,DHORD2,DHORD5,,,,,,,,,,,,,,,,,,,,,,,,,,,,,,,,,,,,,,,,
b3608,G3PD2,,,,,,,,,,,,,,,,,,,,,,,,,,,,,,,,,,,,,,,,,
b1832;b3781,METSOXR2,,,,,,,,,,,,,,,,,,,,,,,,,,,,,,,,,,,,,,,,,
b2926,PGK,,,,,,,,,,,,,,,,,,,,,,,,,,,,,,,,,,,,,,,,,
b3946,F6PA,,,,,,,,,,,,,,,,,,,,,,,,,,,,,,,,,,,,,,,,,
b2803,FCLK,,,,,,,,,,,,,,,,,,,,,,,,,,,,,,,,,,,,,,,,,
b2802,ARABDI,FCI,,,,,,,,,,,,,,,,,,,,,,,,,,,,,,,,,,,,,,,,
b3942,CAT,,,,,,,,,,,,,,,,,,,,,,,,,,,,,,,,,,,,,,,,,
b2418,HMPK1,PYDAMK,PYDXK,PYDXNK,,,,,,,,,,,,,,,,,,,,,,,,,,,,,,,,,,,,,,
b3940,ASPK,HSDy,,,,,,,,,,,,,,,,,,,,,,,,,,,,,,,,,,,,,,,,
b2414,CYSS,,,,,,,,,,,,,,,,,,,,,,,,,,,,,,,,,,,,,,,,,
b1263;b1264,ANS,,,,,,,,,,,,,,,,,,,,,,,,,,,,,,,,,,,,,,,,,
b0614;b0615;b0616;b0617,CITL,,,,,,,,,,,,,,,,,,,,,,,,,,,,,,,,,,,,,,,,,
b2143,CYTD,DCYTD,,,,,,,,,,,,,,,,,,,,,,,,,,,,,,,,,,,,,,,,
b3784,ACGAMT,,,,,,,,,,,,,,,,,,,,,,,,,,,,,,,,,,,,,,,,,
b0368,TAUDO,,,,,,,,,,,,,,,,,,,,,,,,,,,,,,,,,,,,,,,,,
b0369,PPBNGS,,,,,,,,,,,,,,,,,,,,,,,,,,,,,,,,,,,,,,,,,
b0678,G6PDA,,,,,,,,,,,,,,,,,,,,,,,,,,,,,,,,,,,,,,,,,
b0046,NADH10,NADH5,NADH9,,,,,,,,,,,,,,,,,,,,,,,,,,,,,,,,,,,,,,,
b0049,AP4AH,AP5AH,GP4GH,,,,,,,,,,,,,,,,,,,,,,,,,,,,,,,,,,,,,,,
b2965,ORNDC,,,,,,,,,,,,,,,,,,,,,,,,,,,,,,,,,,,,,,,,,
b3789,G1PTT,,,,,,,,,,,,,,,,,,,,,,,,,,,,,,,,,,,,,,,,,
b2963,MLTGY1pp,MLTGY2pp,MLTGY3pp,MLTGY4pp,,,,,,,,,,,,,,,,,,,,,,,,,,,,,,,,,,,,,,
b4039,ADCL,CHRPL,,,,,,,,,,,,,,,,,,,,,,,,,,,,,,,,,,,,,,,,
b2091,GLTPD,,,,,,,,,,,,,,,,,,,,,,,,,,,,,,,,,,,,,,,,,
b2097,FBA,,,,,,,,,,,,,,,,,,,,,,,,,,,,,,,,,,,,,,,,,
b1009,3AMACHYD,,,,,,,,,,,,,,,,,,,,,,,,,,,,,,,,,,,,,,,,,
b3128,GALCTD,,,,,,,,,,,,,,,,,,,,,,,,,,,,,,,,,,,,,,,,,
b0657;b1677,ALPATE160pp,ALPATG160pp,,,,,,,,,,,,,,,,,,,,,,,,,,,,,,,,,,,,,,,,
b2938,ARGDCpp,,,,,,,,,,,,,,,,,,,,,,,,,,,,,,,,,,,,,,,,,
b0915,TDSK,,,,,,,,,,,,,,,,,,,,,,,,,,,,,,,,,,,,,,,,,
b2563,ACPS1,,,,,,,,,,,,,,,,,,,,,,,,,,,,,,,,,,,,,,,,,
b0444,CCGS,,,,,,,,,,,,,,,,,,,,,,,,,,,,,,,,,,,,,,,,,
b2529;b2530,I2FE2SR,I2FE2SS,I2FE2SS2,,,,,,,,,,,,,,,,,,,,,,,,,,,,,,,,,,,,,,,
b0910,CYTK1,CYTK2,UMPK,,,,,,,,,,,,,,,,,,,,,,,,,,,,,,,,,,,,,,,
b0662,OMMBLHXy,,,,,,,,,,,,,,,,,,,,,,,,,,,,,,,,,,,,,,,,,
b2247,RHMND,,,,,,,,,,,,,,,,,,,,,,,,,,,,,,,,,,,,,,,,,
b0918,KDOCT2,,,,,,,,,,,,,,,,,,,,,,,,,,,,,,,,,,,,,,,,,
b1587;b1588;b1589;b1590,DMSOR1,TMAOR1,,,,,,,,,,,,,,,,,,,,,,,,,,,,,,,,,,,,,,,,
b1064,GRXR,,,,,,,,,,,,,,,,,,,,,,,,,,,,,,,,,,,,,,,,,
b2738,FCLPA,,,,,,,,,,,,,,,,,,,,,,,,,,,,,,,,,,,,,,,,,
b1062,DHORTS,,,,,,,,,,,,,,,,,,,,,,,,,,,,,,,,,,,,,,,,,
b4090,ALLPI,RPI,,,,,,,,,,,,,,,,,,,,,,,,,,,,,,,,,,,,,,,,
b1992,ADOCBLS,,,,,,,,,,,,,,,,,,,,,,,,,,,,,,,,,,,,,,,,,
b1993,ACBIPGT,ADOCBIK,,,,,,,,,,,,,,,,,,,,,,,,,,,,,,,,,,,,,,,,
b1990,MLDCP1App,MLDCP1Bpp,MLDCP2App,MLDCP2Bpp,MLDCP3App,,,,,,,,,,,,,,,,,,,,,,,,,,,,,,,,,,,,,
b1991,NNDMBRT,,,,,,,,,,,,,,,,,,,,,,,,,,,,,,,,,,,,,,,,,
b0212,GLYOX,,,,,,,,,,,,,,,,,,,,,,,,,,,,,,,,,,,,,,,,,
b0185;b2316;b3255;b3256,ACCOAC,,,,,,,,,,,,,,,,,,,,,,,,,,,,,,,,,,,,,,,,,
b3225,ACNML,,,,,,,,,,,,,,,,,,,,,,,,,,,,,,,,,,,,,,,,,
b0211,MLTGY1pp,MLTGY2pp,MLTGY3pp,MLTGY4pp,,,,,,,,,,,,,,,,,,,,,,,,,,,,,,,,,,,,,,
b1090;b1094,ACPPAT120,ACPPAT140,ACPPAT141,ACPPAT160,ACPPAT161,ACPPAT180,ACPPAT181,,,,,,,,,,,,,,,,,,,,,,,,,,,,,,,,,,,
b2797,SERD_L,,,,,,,,,,,,,,,,,,,,,,,,,,,,,,,,,,,,,,,,,
b0104,GMPR,,,,,,,,,,,,,,,,,,,,,,,,,,,,,,,,,,,,,,,,,
b2146;b2147,DURADx,,,,,,,,,,,,,,,,,,,,,,,,,,,,,,,,,,,,,,,,,
b2202;b2203;b2204;b2205;b2206,NO3R1bpp,,,,,,,,,,,,,,,,,,,,,,,,,,,,,,,,,,,,,,,,,
b3403,PPCK,,,,,,,,,,,,,,,,,,,,,,,,,,,,,,,,,,,,,,,,,
b2893,DSBCGT,,,,,,,,,,,,,,,,,,,,,,,,,,,,,,,,,,,,,,,,,
b1493,GLUDC,,,,,,,,,,,,,,,,,,,,,,,,,,,,,,,,,,,,,,,,,
b2026,PRAMPC,PRATPP,,,,,,,,,,,,,,,,,,,,,,,,,,,,,,,,,,,,,,,,
b2024,PRMICI,,,,,,,,,,,,,,,,,,,,,,,,,,,,,,,,,,,,,,,,,
b2022,HISTP,IGPDH,,,,,,,,,,,,,,,,,,,,,,,,,,,,,,,,,,,,,,,,
b2788,GLCRD,,,,,,,,,,,,,,,,,,,,,,,,,,,,,,,,,,,,,,,,,
b2020,HISTD,,,,,,,,,,,,,,,,,,,,,,,,,,,,,,,,,,,,,,,,,
b2787,GLCRD,,,,,,,,,,,,,,,,,,,,,,,,,,,,,,,,,,,,,,,,,
b2784,GDPDPK,GTPDPK,,,,,,,,,,,,,,,,,,,,,,,,,,,,,,,,,,,,,,,,
b3790,TDPADGAT,,,,,,,,,,,,,,,,,,,,,,,,,,,,,,,,,,,,,,,,,
b2780,CTPS2,,,,,,,,,,,,,,,,,,,,,,,,,,,,,,,,,,,,,,,,,
b2781,NTPP1,NTPP2,NTPP3,NTPP4,NTPP5,NTPP6,NTPP7,NTPP8,,,,,,,,,,,,,,,,,,,,,,,,,,,,,,,,,,
b4322,MNNH,,,,,,,,,,,,,,,,,,,,,,,,,,,,,,,,,,,,,,,,,
b4323,MANAO,,,,,,,,,,,,,,,,,,,,,,,,,,,,,,,,,,,,,,,,,
b1208,CDPMEK,,,,,,,,,,,,,,,,,,,,,,,,,,,,,,,,,,,,,,,,,
b1619,CHOLID,,,,,,,,,,,,,,,,,,,,,,,,,,,,,,,,,,,,,,,,,
b2866;b2867;b2868,HXAND,XAND,,,,,,,,,,,,,,,,,,,,,,,,,,,,,,,,,,,,,,,,
b2813,MLTGY1pp,MLTGY2pp,MLTGY3pp,MLTGY4pp,,,,,,,,,,,,,,,,,,,,,,,,,,,,,,,,,,,,,,
b1617,METGLCUR,,,,,,,,,,,,,,,,,,,,,,,,,,,,,,,,,,,,,,,,,
b1611,FUM,,,,,,,,,,,,,,,,,,,,,,,,,,,,,,,,,,,,,,,,,
b1207,PRPPS,,,,,,,,,,,,,,,,,,,,,,,,,,,,,,,,,,,,,,,,,
b1613,MAN6PI,,,,,,,,,,,,,,,,,,,,,,,,,,,,,,,,,,,,,,,,,
b1612,FUM,,,,,,,,,,,,,,,,,,,,,,,,,,,,,,,,,,,,,,,,,
b3781;b4136,DSBDR,,,,,,,,,,,,,,,,,,,,,,,,,,,,,,,,,,,,,,,,,
b1192,4PCP,AGM4PCP,AM4PCP,UM4PCP,,,,,,,,,,,,,,,,,,,,,,,,,,,,,,,,,,,,,,
b1193,MLTGY1pp,MLTGY2pp,MLTGY3pp,MLTGY4pp,,,,,,,,,,,,,,,,,,,,,,,,,,,,,,,,,,,,,,
b1190,ALAR,,,,,,,,,,,,,,,,,,,,,,,,,,,,,,,,,,,,,,,,,
b1197,TREHpp,,,,,,,,,,,,,,,,,,,,,,,,,,,,,,,,,,,,,,,,,
b0114;b0115;b0116,PDH,,,,,,,,,,,,,,,,,,,,,,,,,,,,,,,,,,,,,,,,,
b0420,DXPS,,,,,,,,,,,,,,,,,,,,,,,,,,,,,,,,,,,,,,,,,
b1927,AAMYL,,,,,,,,,,,,,,,,,,,,,,,,,,,,,,,,,,,,,,,,,
b3003,ALDD2y,,,,,,,,,,,,,,,,,,,,,,,,,,,,,,,,,,,,,,,,,
b3001,ALR2,,,,,,,,,,,,,,,,,,,,,,,,,,,,,,,,,,,,,,,,,
b0825,F6PA,,,,,,,,,,,,,,,,,,,,,,,,,,,,,,,,,,,,,,,,,
b3956,PPC,,,,,,,,,,,,,,,,,,,,,,,,,,,,,,,,,,,,,,,,,
b1297,GGPTRCS,,,,,,,,,,,,,,,,,,,,,,,,,,,,,,,,,,,,,,,,,
b0826,MPTSS,,,,,,,,,,,,,,,,,,,,,,,,,,,,,,,,,,,,,,,,,
b0828,ASNN,,,,,,,,,,,,,,,,,,,,,,,,,,,,,,,,,,,,,,,,,
b3008,CYSDS,CYSTL,,,,,,,,,,,,,,,,,,,,,,,,,,,,,,,,,,,,,,,,
b0350,OP4ENH,,,,,,,,,,,,,,,,,,,,,,,,,,,,,,,,,,,,,,,,,
b2440;b2441,ETHAAL,,,,,,,,,,,,,,,,,,,,,,,,,,,,,,,,,,,,,,,,,
b0684;b2515,MECDPDH5,,,,,,,,,,,,,,,,,,,,,,,,,,,,,,,,,,,,,,,,,
b1103,PNSPA,,,,,,,,,,,,,,,,,,,,,,,,,,,,,,,,,,,,,,,,,
b1967,GLYOX3,,,,,,,,,,,,,,,,,,,,,,,,,,,,,,,,,,,,,,,,,
b1849,ACKr,GART,,,,,,,,,,,,,,,,,,,,,,,,,,,,,,,,,,,,,,,,
b1107,AGM3PH,AGM4PH,AGMH,,,,,,,,,,,,,,,,,,,,,,,,,,,,,,,,,,,,,,,
b1106,TMK,,,,,,,,,,,,,,,,,,,,,,,,,,,,,,,,,,,,,,,,,
b1109,NADH10,NADH5,NADH9,,,,,,,,,,,,,,,,,,,,,,,,,,,,,,,,,,,,,,,
b1661,CFAS160E,CFAS160G,CFAS180E,CFAS180G,,,,,,,,,,,,,,,,,,,,,,,,,,,,,,,,,,,,,,
b1662,RBFSb,,,,,,,,,,,,,,,,,,,,,,,,,,,,,,,,,,,,,,,,,
b0789,CLPNS120pp,CLPNS140pp,CLPNS141pp,CLPNS160pp,CLPNS161pp,CLPNS180pp,CLPNS181pp,,,,,,,,,,,,,,,,,,,,,,,,,,,,,,,,,,,
b2133,LDH_D2,,,,,,,,,,,,,,,,,,,,,,,,,,,,,,,,,,,,,,,,,
b3182,MDDCP1pp,MDDCP2pp,MDDCP3pp,MDDCP4pp,MDDCP5pp,MDDEP1pp,MDDEP2pp,MDDEP3pp,MDDEP4pp,,,,,,,,,,,,,,,,,,,,,,,,,,,,,,,,,
b4233,UM3PL,UM4PL,,,,,,,,,,,,,,,,,,,,,,,,,,,,,,,,,,,,,,,,
b1444,ABUTD,,,,,,,,,,,,,,,,,,,,,,,,,,,,,,,,,,,,,,,,,
b0273,OCBT,,,,,,,,,,,,,,,,,,,,,,,,,,,,,,,,,,,,,,,,,
b2234;b2235;b3781,RNDR1,RNDR2,RNDR3,RNDR4,,,,,,,,,,,,,,,,,,,,,,,,,,,,,,,,,,,,,,
b3222,AMANK,,,,,,,,,,,,,,,,,,,,,,,,,,,,,,,,,,,,,,,,,
b3223,AMANAPEr,,,,,,,,,,,,,,,,,,,,,,,,,,,,,,,,,,,,,,,,,
b0131,ASP1DC,,,,,,,,,,,,,,,,,,,,,,,,,,,,,,,,,,,,,,,,,
b0628,LIPOS,,,,,,,,,,,,,,,,,,,,,,,,,,,,,,,,,,,,,,,,,
b3631,GLCTR1,,,,,,,,,,,,,,,,,,,,,,,,,,,,,,,,,,,,,,,,,
b3630,HEPK1,,,,,,,,,,,,,,,,,,,,,,,,,,,,,,,,,,,,,,,,,
b3633,MOAT,MOAT2,,,,,,,,,,,,,,,,,,,,,,,,,,,,,,,,,,,,,,,,
b3632,HEPT3,,,,,,,,,,,,,,,,,,,,,,,,,,,,,,,,,,,,,,,,,
b1686,DHNCOAT,,,,,,,,,,,,,,,,,,,,,,,,,,,,,,,,,,,,,,,,,
b3640,DUTPDP,,,,,,,,,,,,,,,,,,,,,,,,,,,,,,,,,,,,,,,,,
b4394,NTP10,NTP11,NTP12,,,,,,,,,,,,,,,,,,,,,,,,,,,,,,,,,,,,,,,
b0755,PGM,,,,,,,,,,,,,,,,,,,,,,,,,,,,,,,,,,,,,,,,,
b4392,MLTGY1pp,MLTGY2pp,MLTGY3pp,MLTGY4pp,,,,,,,,,,,,,,,,,,,,,,,,,,,,,,,,,,,,,,
b1680,CYSSADS,,,,,,,,,,,,,,,,,,,,,,,,,,,,,,,,,,,,,,,,,
b4390,NMNAT,,,,,,,,,,,,,,,,,,,,,,,,,,,,,,,,,,,,,,,,,
b4254,OCBT,,,,,,,,,,,,,,,,,,,,,,,,,,,,,,,,,,,,,,,,,
b2800,FCLPA,,,,,,,,,,,,,,,,,,,,,,,,,,,,,,,,,,,,,,,,,
b3126,GLCRAL,,,,,,,,,,,,,,,,,,,,,,,,,,,,,,,,,,,,,,,,,
b1727,2DOXG6PP,E4PP,GAPP,MN6PP,,,,,,,,,,,,,,,,,,,,,,,,,,,,,,,,,,,,,,
b2328,MDDEP1pp,MDDEP2pp,MDDEP3pp,MDDEP4pp,MLDEP1pp,MLDEP2pp,,,,,,,,,,,,,,,,,,,,,,,,,,,,,,,,,,,,
b2329,CHORS,,,,,,,,,,,,,,,,,,,,,,,,,,,,,,,,,,,,,,,,,
b2480;b3781,THIORDXi,,,,,,,,,,,,,,,,,,,,,,,,,,,,,,,,,,,,,,,,,
b2582;b3551,METSOXR1,,,,,,,,,,,,,,,,,,,,,,,,,,,,,,,,,,,,,,,,,
b2320,PERD,,,,,,,,,,,,,,,,,,,,,,,,,,,,,,,,,,,,,,,,,
b2323,3OAS100,3OAS120,3OAS121,3OAS140,3OAS141,3OAS160,3OAS161,3OAS180,3OAS60,3OAS80,KAS14,MACPD,OPMEACPS,,,,,,,,,,,,,,,,,,,,,,,,,,,,,
b0622,LIPAHT2ex,LIPAHTex,,,,,,,,,,,,,,,,,,,,,,,,,,,,,,,,,,,,,,,,
b3648,DGK1,GK1,,,,,,,,,,,,,,,,,,,,,,,,,,,,,,,,,,,,,,,,
b3525,CDGUNPD,,,,,,,,,,,,,,,,,,,,,,,,,,,,,,,,,,,,,,,,,
b3634,PTPATi,,,,,,,,,,,,,,,,,,,,,,,,,,,,,,,,,,,,,,,,,
b3526,DDGLK,,,,,,,,,,,,,,,,,,,,,,,,,,,,,,,,,,,,,,,,,
b4481,AADDGT,,,,,,,,,,,,,,,,,,,,,,,,,,,,,,,,,,,,,,,,,
b1337;b1338,4ABZGLUH,,,,,,,,,,,,,,,,,,,,,,,,,,,,,,,,,,,,,,,,,
b3642,ORPT,,,,,,,,,,,,,,,,,,,,,,,,,,,,,,,,,,,,,,,,,
b3771,DHAD1,DHAD2,,,,,,,,,,,,,,,,,,,,,,,,,,,,,,,,,,,,,,,,
b3785;b3793,ECAP1pp,ECAP2pp,ECAP3pp,,,,,,,,,,,,,,,,,,,,,,,,,,,,,,,,,,,,,,,
